bait_gene,prey_gene,sgRNA_bait,sgRNA_prey,mssEffect,expected_dir,r_DMSO,r_Vorino,delta_r,concordant,n_cells_bait_DMSO,n_cells_prey_DMSO,n_cells_bait_Vorino,n_cells_prey_Vorino,pair_id,kd_bait_d,kd_prey_d,kd_bait_v,kd_prey_v,min_kd,mean_kd,min_cells
AURKB,CCN1,AURKB_1,CCN1_1,up,increase,-0.03511563332520204,0.045523935503844176,0.08063956882904622,True,11,18,14,12,AURKB_CCN1,1.0,0.820526113722621,1.0,0.8952028954800637,0.820526113722621,0.9289322523006711,11
AURKB,CCN1,AURKB_1,CCN1_2,up,increase,0.07626297457198668,0.12155351162586002,0.04529053705387334,True,11,19,14,29,AURKB_CCN1,1.0,0.8873951516721992,1.0,0.9520900566139047,0.8873951516721992,0.9598713020715259,11
AURKB,CCN1,AURKB_1,CCN1_3,up,increase,0.06494314734307552,0.0949041913934904,0.029961044050414887,True,11,18,14,15,AURKB_CCN1,1.0,0.7377241152145946,1.0,0.9489850468906553,0.7377241152145946,0.9216772905263124,11
AURKB,CCN1,AURKB_3,CCN1_1,up,increase,0.09673695904315291,0.026307801851363933,-0.07042915719178898,False,13,18,8,12,AURKB_CCN1,1.0,0.820526113722621,1.0,0.8952028954800637,0.820526113722621,0.9289322523006711,8
AURKB,CCN1,AURKB_3,CCN1_2,up,increase,0.03069614014065906,0.04418890111249377,0.013492760971834706,True,13,19,8,29,AURKB_CCN1,1.0,0.8873951516721992,1.0,0.9520900566139047,0.8873951516721992,0.9598713020715259,8
AURKB,CCN1,AURKB_3,CCN1_3,up,increase,0.07423711430100907,0.025445228378244828,-0.04879188592276425,False,13,18,8,15,AURKB_CCN1,1.0,0.7377241152145946,1.0,0.9489850468906553,0.7377241152145946,0.9216772905263124,8
AURKB,CSRP2,AURKB_1,CSRP2_1,up,increase,-0.0008845792957075555,0.13047199578910235,0.1313565750848099,True,11,24,14,31,AURKB_CSRP2,1.0,1.0,1.0,1.0,1.0,1.0,11
AURKB,CSRP2,AURKB_1,CSRP2_2,up,increase,0.0907520188462952,0.04109426114190171,-0.04965775770439349,False,11,20,14,16,AURKB_CSRP2,1.0,1.0,1.0,1.0,1.0,1.0,11
AURKB,CSRP2,AURKB_1,CSRP2_3,up,increase,0.0003561308274421257,0.07400798255618551,0.07365185172874339,True,11,23,14,21,AURKB_CSRP2,1.0,1.0,1.0,1.0,1.0,1.0,11
AURKB,CSRP2,AURKB_3,CSRP2_1,up,increase,0.05014885059091063,0.07174945635477283,0.021600605763862198,True,13,24,8,31,AURKB_CSRP2,1.0,1.0,1.0,1.0,1.0,1.0,8
AURKB,CSRP2,AURKB_3,CSRP2_2,up,increase,0.05975721748406113,0.062096348773151525,0.0023391312890903918,True,13,20,8,16,AURKB_CSRP2,1.0,1.0,1.0,1.0,1.0,1.0,8
AURKB,CSRP2,AURKB_3,CSRP2_3,up,increase,0.09392069438946869,0.03100768216830088,-0.06291301222116781,False,13,23,8,21,AURKB_CSRP2,1.0,1.0,1.0,1.0,1.0,1.0,8
AURKB,FBXO46,AURKB_1,FBXO46_2,up,increase,0.07258700677314457,0.06708106218005971,-0.005505944593084858,False,11,21,14,20,AURKB_FBXO46,1.0,1.0,1.0,1.0,1.0,1.0,11
AURKB,FBXO46,AURKB_1,FBXO46_3,up,increase,0.04819686080829892,0.03445113978608581,-0.013745721022213109,False,11,28,14,20,AURKB_FBXO46,1.0,1.0,1.0,1.0,1.0,1.0,11
AURKB,FBXO46,AURKB_3,FBXO46_2,up,increase,0.10473611382398833,0.1017723365671711,-0.002963777256817221,False,13,21,8,20,AURKB_FBXO46,1.0,1.0,1.0,1.0,1.0,1.0,8
AURKB,FBXO46,AURKB_3,FBXO46_3,up,increase,0.03444448822775381,0.041375025238160446,0.006930537010406634,True,13,28,8,20,AURKB_FBXO46,1.0,1.0,1.0,1.0,1.0,1.0,8
AURKB,INCENP,AURKB_1,INCENP_1,insig,posctl,0.032419521432130755,0.04670379300422342,0.014284271572092666,,11,9,14,16,AURKB_INCENP,1.0,1.0,1.0,1.0,1.0,1.0,9
AURKB,INCENP,AURKB_1,INCENP_2,insig,posctl,0.04174493337442625,0.07399530908193225,0.032250375707505996,,11,8,14,6,AURKB_INCENP,1.0,1.0,1.0,1.0,1.0,1.0,6
AURKB,INCENP,AURKB_1,INCENP_3,insig,posctl,0.02293365273075566,0.0415490070392647,0.018615354308509042,,11,9,14,7,AURKB_INCENP,1.0,1.0,1.0,1.0,1.0,1.0,7
AURKB,INCENP,AURKB_3,INCENP_1,insig,posctl,0.04429319844803277,0.04743092930327582,0.0031377308552430483,,13,9,8,16,AURKB_INCENP,1.0,1.0,1.0,1.0,1.0,1.0,8
AURKB,INCENP,AURKB_3,INCENP_2,insig,posctl,0.09099166459174203,0.042008920791462165,-0.048982743800279865,,13,8,8,6,AURKB_INCENP,1.0,1.0,1.0,1.0,1.0,1.0,6
AURKB,INCENP,AURKB_3,INCENP_3,insig,posctl,0.0769844487809898,-0.0018377260469356685,-0.07882217482792547,,13,9,8,7,AURKB_INCENP,1.0,1.0,1.0,1.0,1.0,1.0,7
BAP1,ARPC1B,BAP1_1,ARPC1B_1,down,decrease,0.09571828336286438,0.09352841824468212,-0.002189865118182255,True,27,26,21,27,BAP1_ARPC1B,1.0,1.0,1.0,0.9242838246126571,0.9242838246126571,0.9810709561531643,21
BAP1,ARPC1B,BAP1_1,ARPC1B_2,down,decrease,0.11021649615065666,0.08110057644940191,-0.029115919701254753,True,27,27,21,24,BAP1_ARPC1B,1.0,0.6169528661967201,1.0,0.4777727505399703,0.4777727505399703,0.7736814041841726,21
BAP1,ARPC1B,BAP1_1,ARPC1B_3,down,decrease,0.0739147078741593,0.04729092715925948,-0.02662378071489982,True,27,35,21,36,BAP1_ARPC1B,1.0,0.8467123333507806,1.0,0.9006652059378004,0.8467123333507806,0.9368443848221453,21
BAP1,ARPC1B,BAP1_2,ARPC1B_1,down,decrease,0.04879028580041975,0.11594050383180929,0.06715021803138954,False,22,26,20,27,BAP1_ARPC1B,1.0,1.0,1.0,0.9242838246126571,0.9242838246126571,0.9810709561531643,20
BAP1,ARPC1B,BAP1_2,ARPC1B_2,down,decrease,0.07803592495903937,0.08267711690822832,0.0046411919491889525,False,22,27,20,24,BAP1_ARPC1B,1.0,0.6169528661967201,1.0,0.4777727505399703,0.4777727505399703,0.7736814041841726,20
BAP1,ARPC1B,BAP1_2,ARPC1B_3,down,decrease,0.03074618779936462,0.07077104685731551,0.04002485905795089,False,22,35,20,36,BAP1_ARPC1B,1.0,0.8467123333507806,1.0,0.9006652059378004,0.8467123333507806,0.9368443848221453,20
BAP1,ARPC1B,BAP1_3,ARPC1B_1,down,decrease,0.057731538073811386,0.12212129084672672,0.06438975277291534,False,30,26,20,27,BAP1_ARPC1B,1.0,1.0,1.0,0.9242838246126571,0.9242838246126571,0.9810709561531643,20
BAP1,ARPC1B,BAP1_3,ARPC1B_2,down,decrease,0.07938990707256718,0.0749887286989807,-0.004401178373586487,True,30,27,20,24,BAP1_ARPC1B,1.0,0.6169528661967201,1.0,0.4777727505399703,0.4777727505399703,0.7736814041841726,20
BAP1,ARPC1B,BAP1_3,ARPC1B_3,down,decrease,0.10905585116455484,0.10367390764899981,-0.005381943515555029,True,30,35,20,36,BAP1_ARPC1B,1.0,0.8467123333507806,1.0,0.9006652059378004,0.8467123333507806,0.9368443848221453,20
BARD1,ACTR2,BARD1_1,ACTR2_1,down,decrease,0.06491380194345531,0.1178981684516424,0.052984366508187095,False,23,25,23,26,BARD1_ACTR2,1.0,0.6921307887448969,1.0,0.6070186056066111,0.6070186056066111,0.824787348587877,23
BARD1,ACTR2,BARD1_1,ACTR2_2,down,decrease,0.08668028661945602,0.04291738081366909,-0.043762905805786935,True,23,27,23,21,BARD1_ACTR2,1.0,0.913831110028811,1.0,1.0,0.913831110028811,0.9784577775072028,21
BARD1,ACTR2,BARD1_1,ACTR2_3,down,decrease,0.10198155992183289,0.04466355722694747,-0.05731800269488542,True,23,41,23,19,BARD1_ACTR2,1.0,0.875652699710141,1.0,0.9085032158573739,0.875652699710141,0.9460389788918787,19
BARD1,ACTR2,BARD1_2,ACTR2_1,down,decrease,0.04578316593036294,0.03382094970653479,-0.011962216223828148,True,24,25,15,26,BARD1_ACTR2,1.0,0.6921307887448969,1.0,0.6070186056066111,0.6070186056066111,0.824787348587877,15
BARD1,ACTR2,BARD1_2,ACTR2_2,down,decrease,-0.006325676000135884,0.02780260689505469,0.03412828289519058,False,24,27,15,21,BARD1_ACTR2,1.0,0.913831110028811,1.0,1.0,0.913831110028811,0.9784577775072028,15
BARD1,ACTR2,BARD1_2,ACTR2_3,down,decrease,0.0747491146536705,0.011602593177526377,-0.06314652147614412,True,24,41,15,19,BARD1_ACTR2,1.0,0.875652699710141,1.0,0.9085032158573739,0.875652699710141,0.9460389788918787,15
BARD1,ACTR2,BARD1_3,ACTR2_1,down,decrease,0.11718214367054938,0.11460610209120942,-0.002576041579339966,True,24,25,23,26,BARD1_ACTR2,1.0,0.6921307887448969,1.0,0.6070186056066111,0.6070186056066111,0.824787348587877,23
BARD1,ACTR2,BARD1_3,ACTR2_2,down,decrease,0.0893826212842314,0.07676220473909115,-0.012620416545140248,True,24,27,23,21,BARD1_ACTR2,1.0,0.913831110028811,1.0,1.0,0.913831110028811,0.9784577775072028,21
BARD1,ACTR2,BARD1_3,ACTR2_3,down,decrease,0.1153725370546653,0.12204989003505057,0.0066773529803852705,False,24,41,23,19,BARD1_ACTR2,1.0,0.875652699710141,1.0,0.9085032158573739,0.875652699710141,0.9460389788918787,19
BARD1,ARPC3,BARD1_1,ARPC3_1,down,decrease,0.07680780671973671,0.1256975544900137,0.048889747770277006,False,23,26,23,30,BARD1_ARPC3,1.0,1.0,1.0,1.0,1.0,1.0,23
BARD1,ARPC3,BARD1_1,ARPC3_2,down,decrease,0.13345439388663477,0.09118027638116477,-0.04227411750547,True,23,28,23,22,BARD1_ARPC3,1.0,0.6928491334535557,1.0,0.8628732756933755,0.6928491334535557,0.8889306022867327,22
BARD1,ARPC3,BARD1_1,ARPC3_3,down,decrease,0.0732020347200426,0.14598421659943245,0.07278218187938985,False,23,19,23,18,BARD1_ARPC3,1.0,0.9129471757776453,1.0,1.0,0.9129471757776453,0.9782367939444113,18
BARD1,ARPC3,BARD1_2,ARPC3_1,down,decrease,0.036147262127792686,0.059342359502173446,0.02319509737438076,False,24,26,15,30,BARD1_ARPC3,1.0,1.0,1.0,1.0,1.0,1.0,15
BARD1,ARPC3,BARD1_2,ARPC3_2,down,decrease,0.09913501714038415,0.07819220481400631,-0.020942812326377847,True,24,28,15,22,BARD1_ARPC3,1.0,0.6928491334535557,1.0,0.8628732756933755,0.6928491334535557,0.8889306022867327,15
BARD1,ARPC3,BARD1_2,ARPC3_3,down,decrease,0.044403544952925804,0.012727579965462086,-0.031675964987463716,True,24,19,15,18,BARD1_ARPC3,1.0,0.9129471757776453,1.0,1.0,0.9129471757776453,0.9782367939444113,15
BARD1,ARPC3,BARD1_3,ARPC3_1,down,decrease,0.008410664434729058,0.09257172022206508,0.08416105578733603,False,24,26,23,30,BARD1_ARPC3,1.0,1.0,1.0,1.0,1.0,1.0,23
BARD1,ARPC3,BARD1_3,ARPC3_2,down,decrease,0.061797875890584934,0.07786457678333235,0.016066700892747414,False,24,28,23,22,BARD1_ARPC3,1.0,0.6928491334535557,1.0,0.8628732756933755,0.6928491334535557,0.8889306022867327,22
BARD1,ARPC3,BARD1_3,ARPC3_3,down,decrease,0.08148832840841776,0.04476746058905612,-0.03672086781936164,True,24,19,23,18,BARD1_ARPC3,1.0,0.9129471757776453,1.0,1.0,0.9129471757776453,0.9782367939444113,18
BARD1,ARPC4,BARD1_1,ARPC4_2,down,decrease,0.11920774467591097,0.061542069733392595,-0.057665674942518376,True,23,26,23,20,BARD1_ARPC4,1.0,1.0,1.0,1.0,1.0,1.0,20
BARD1,ARPC4,BARD1_1,ARPC4_3,down,decrease,0.07447740932076186,0.11830775243347526,0.0438303431127134,False,23,26,23,25,BARD1_ARPC4,1.0,1.0,1.0,1.0,1.0,1.0,23
BARD1,ARPC4,BARD1_2,ARPC4_2,down,decrease,0.0684993639127612,0.07973376987538225,0.011234405962621055,False,24,26,15,20,BARD1_ARPC4,1.0,1.0,1.0,1.0,1.0,1.0,15
BARD1,ARPC4,BARD1_2,ARPC4_3,down,decrease,0.07845122623756079,0.05570522087686696,-0.02274600536069383,True,24,26,15,25,BARD1_ARPC4,1.0,1.0,1.0,1.0,1.0,1.0,15
BARD1,ARPC4,BARD1_3,ARPC4_2,down,decrease,0.09837604609125782,0.12767096682045045,0.02929492072919264,False,24,26,23,20,BARD1_ARPC4,1.0,1.0,1.0,1.0,1.0,1.0,20
BARD1,ARPC4,BARD1_3,ARPC4_3,down,decrease,0.0631132982469381,0.10761465602583498,0.04450135777889688,False,24,26,23,25,BARD1_ARPC4,1.0,1.0,1.0,1.0,1.0,1.0,23
BARD1,BRCA1,BARD1_1,BRCA1_1,insig,posctl,0.08552355236255446,0.0719740482090529,-0.013549504153501563,,23,18,23,25,BARD1_BRCA1,1.0,1.0,1.0,1.0,1.0,1.0,18
BARD1,BRCA1,BARD1_1,BRCA1_2,insig,posctl,0.08756281288514917,0.03970304787349539,-0.047859765011653774,,23,23,23,19,BARD1_BRCA1,1.0,1.0,1.0,1.0,1.0,1.0,19
BARD1,BRCA1,BARD1_1,BRCA1_3,insig,posctl,0.10727092585452508,0.09861373672266015,-0.008657189131864931,,23,29,23,19,BARD1_BRCA1,1.0,1.0,1.0,1.0,1.0,1.0,19
BARD1,BRCA1,BARD1_2,BRCA1_1,insig,posctl,0.06808369337986549,0.049858213470642995,-0.01822547990922249,,24,18,15,25,BARD1_BRCA1,1.0,1.0,1.0,1.0,1.0,1.0,15
BARD1,BRCA1,BARD1_2,BRCA1_2,insig,posctl,0.07085167410625819,0.09010306342164938,0.019251389315391193,,24,23,15,19,BARD1_BRCA1,1.0,1.0,1.0,1.0,1.0,1.0,15
BARD1,BRCA1,BARD1_2,BRCA1_3,insig,posctl,0.050703366395848146,0.00826839145445833,-0.042434974941389814,,24,29,15,19,BARD1_BRCA1,1.0,1.0,1.0,1.0,1.0,1.0,15
BARD1,BRCA1,BARD1_3,BRCA1_1,insig,posctl,0.045472006993604215,0.10696909179139065,0.061497084797786435,,24,18,23,25,BARD1_BRCA1,1.0,1.0,1.0,1.0,1.0,1.0,18
BARD1,BRCA1,BARD1_3,BRCA1_2,insig,posctl,0.09573644116755482,0.08115819951059842,-0.014578241656956398,,24,23,23,19,BARD1_BRCA1,1.0,1.0,1.0,1.0,1.0,1.0,19
BARD1,BRCA1,BARD1_3,BRCA1_3,insig,posctl,0.030055331186491285,0.07887567393315233,0.04882034274666104,,24,29,23,19,BARD1_BRCA1,1.0,1.0,1.0,1.0,1.0,1.0,19
BARD1,FXR2,BARD1_1,FXR2_2,up,increase,0.14215745810004243,0.08732733105753022,-0.05483012704251221,False,23,37,23,22,BARD1_FXR2,1.0,1.0,1.0,1.0,1.0,1.0,22
BARD1,FXR2,BARD1_1,FXR2_3,up,increase,0.10300447765830895,0.12055294397770594,0.017548466319396994,True,23,25,23,21,BARD1_FXR2,1.0,1.0,1.0,1.0,1.0,1.0,21
BARD1,FXR2,BARD1_2,FXR2_2,up,increase,0.08978108182076255,0.045230143133247566,-0.04455093868751499,False,24,37,15,22,BARD1_FXR2,1.0,1.0,1.0,1.0,1.0,1.0,15
BARD1,FXR2,BARD1_2,FXR2_3,up,increase,0.09402325992098208,0.0495615573117005,-0.04446170260928158,False,24,25,15,21,BARD1_FXR2,1.0,1.0,1.0,1.0,1.0,1.0,15
BARD1,FXR2,BARD1_3,FXR2_2,up,increase,0.08073910266062093,0.05983818992551374,-0.020900912735107184,False,24,37,23,22,BARD1_FXR2,1.0,1.0,1.0,1.0,1.0,1.0,22
BARD1,FXR2,BARD1_3,FXR2_3,up,increase,0.09050436821996231,0.10695460094705973,0.01645023272709742,True,24,25,23,21,BARD1_FXR2,1.0,1.0,1.0,1.0,1.0,1.0,21
BAZ1B,IFIT3,BAZ1B_2,IFIT3_1,down,decrease,0.06544600426271384,0.1438791258666344,0.07843312160392056,False,28,37,31,19,BAZ1B_IFIT3,0.6375101550467148,1.0,0.666123192269261,1.0,0.6375101550467148,0.8259083368289939,19
BAZ1B,IFIT3,BAZ1B_2,IFIT3_2,down,decrease,0.04552206628685334,0.06905716324428603,0.023535096957432687,False,28,28,31,16,BAZ1B_IFIT3,0.6375101550467148,1.0,0.666123192269261,1.0,0.6375101550467148,0.8259083368289939,16
BAZ1B,IFIT3,BAZ1B_2,IFIT3_3,down,decrease,0.07290330011572185,0.06395631226238599,-0.008946987853335864,True,28,22,31,13,BAZ1B_IFIT3,0.6375101550467148,1.0,0.666123192269261,1.0,0.6375101550467148,0.8259083368289939,13
BAZ1B,MX2,BAZ1B_2,MX2_1,down,decrease,0.01297324344894644,0.10683170840857564,0.0938584649596292,False,28,19,31,14,BAZ1B_MX2,0.6375101550467148,1.0,0.666123192269261,1.0,0.6375101550467148,0.8259083368289939,14
BAZ1B,MX2,BAZ1B_2,MX2_2,down,decrease,0.06727972463405593,0.10038225622233435,0.03310253158827842,False,28,24,31,23,BAZ1B_MX2,0.6375101550467148,1.0,0.666123192269261,1.0,0.6375101550467148,0.8259083368289939,23
BAZ1B,MX2,BAZ1B_2,MX2_3,down,decrease,0.06633425984490413,0.08536945918440865,0.019035199339504524,False,28,37,31,18,BAZ1B_MX2,0.6375101550467148,1.0,0.666123192269261,1.0,0.6375101550467148,0.8259083368289939,18
BAZ1B,PARP12,BAZ1B_2,PARP12_1,down,decrease,0.03875783512105046,0.09061876634256034,0.051860931221509886,False,28,17,31,13,BAZ1B_PARP12,0.6375101550467148,1.0,0.666123192269261,1.0,0.6375101550467148,0.8259083368289939,13
BAZ1B,PARP12,BAZ1B_2,PARP12_2,down,decrease,0.06554481745882483,0.09728265524275438,0.03173783778392955,False,28,25,31,33,BAZ1B_PARP12,0.6375101550467148,1.0,0.666123192269261,1.0,0.6375101550467148,0.8259083368289939,25
BAZ1B,PARP12,BAZ1B_2,PARP12_3,down,decrease,0.09568844994615851,0.08917722319674574,-0.006511226749412763,True,28,26,31,23,BAZ1B_PARP12,0.6375101550467148,1.0,0.666123192269261,1.0,0.6375101550467148,0.8259083368289939,23
BAZ1B,SMARCA5,BAZ1B_2,SMARCA5_1,insig,posctl,0.0924340813125329,0.06390743156061715,-0.028526649751915753,,28,29,31,11,BAZ1B_SMARCA5,0.6375101550467148,0.8464889337991355,0.666123192269261,0.8998133987659659,0.6375101550467148,0.7624839199702693,11
BAZ1B,SMARCA5,BAZ1B_2,SMARCA5_2,insig,posctl,0.044912407452992485,0.09384228905439683,0.048929881601404344,,28,20,31,18,BAZ1B_SMARCA5,0.6375101550467148,0.6255742001092193,0.666123192269261,0.4937241825258168,0.4937241825258168,0.605732932487753,18
BRPF1,CPSF3,BRPF1_1,CPSF3_1,down,decrease,0.019510080842500534,0.03458901014921552,0.015078929306714985,False,33,26,21,12,BRPF1_CPSF3,1.0,1.0,1.0,1.0,1.0,1.0,12
BRPF1,CPSF3,BRPF1_1,CPSF3_2,down,decrease,0.044450291572348234,0.05548661960396823,0.011036328031619996,False,33,21,21,24,BRPF1_CPSF3,1.0,1.0,1.0,0.7031278846883684,0.7031278846883684,0.925781971172092,21
BRPF1,CPSF3,BRPF1_2,CPSF3_1,down,decrease,0.07746869111830458,0.09780890416046156,0.020340213042156982,False,31,26,24,12,BRPF1_CPSF3,1.0,1.0,1.0,1.0,1.0,1.0,12
BRPF1,CPSF3,BRPF1_2,CPSF3_2,down,decrease,0.04679365067954689,0.11704656972856647,0.07025291904901959,False,31,21,24,24,BRPF1_CPSF3,1.0,1.0,1.0,0.7031278846883684,0.7031278846883684,0.925781971172092,21
BRPF1,CPSF3,BRPF1_3,CPSF3_1,down,decrease,0.0398089934339499,0.05241266715761643,0.012603673723666532,False,24,26,21,12,BRPF1_CPSF3,1.0,1.0,1.0,1.0,1.0,1.0,12
BRPF1,CPSF3,BRPF1_3,CPSF3_2,down,decrease,0.04492063237334319,0.07067242354177133,0.025751791168428143,False,24,21,21,24,BRPF1_CPSF3,1.0,1.0,1.0,0.7031278846883684,0.7031278846883684,0.925781971172092,21
BRPF1,IMMT,BRPF1_1,IMMT_1,down,decrease,0.08194853394296031,0.12878935886410126,0.046840824921140944,False,33,21,21,24,BRPF1_IMMT,1.0,1.0,1.0,1.0,1.0,1.0,21
BRPF1,IMMT,BRPF1_2,IMMT_1,down,decrease,0.09491847122918808,0.11519191562722225,0.020273444398034177,False,31,21,24,24,BRPF1_IMMT,1.0,1.0,1.0,1.0,1.0,1.0,21
BRPF1,IMMT,BRPF1_3,IMMT_1,down,decrease,0.09246178453985321,0.07711127126126166,-0.015350513278591549,True,24,21,21,24,BRPF1_IMMT,1.0,1.0,1.0,1.0,1.0,1.0,21
BRPF1,ING4,BRPF1_1,ING4_1,insig,posctl,0.04842154908514074,0.07280305770286115,0.024381508617720406,,33,14,21,19,BRPF1_ING4,1.0,1.0,1.0,1.0,1.0,1.0,14
BRPF1,ING4,BRPF1_1,ING4_2,insig,posctl,0.11606882380726434,0.041495727720032155,-0.07457309608723219,,33,27,21,24,BRPF1_ING4,1.0,1.0,1.0,1.0,1.0,1.0,21
BRPF1,ING4,BRPF1_1,ING4_3,insig,posctl,0.08431588847377337,0.11805447587205278,0.03373858739827941,,33,22,21,15,BRPF1_ING4,1.0,1.0,1.0,1.0,1.0,1.0,15
BRPF1,ING4,BRPF1_2,ING4_1,insig,posctl,0.08847010434376282,0.09066295668164168,0.002192852337878859,,31,14,24,19,BRPF1_ING4,1.0,1.0,1.0,1.0,1.0,1.0,14
BRPF1,ING4,BRPF1_2,ING4_2,insig,posctl,0.1644255720978116,0.12356088492562874,-0.040864687172182876,,31,27,24,24,BRPF1_ING4,1.0,1.0,1.0,1.0,1.0,1.0,24
BRPF1,ING4,BRPF1_2,ING4_3,insig,posctl,0.08946122665868358,0.1363067670083181,0.04684554034963451,,31,22,24,15,BRPF1_ING4,1.0,1.0,1.0,1.0,1.0,1.0,15
BRPF1,ING4,BRPF1_3,ING4_1,insig,posctl,0.07852181108737963,0.07760516180496381,-0.0009166492824158184,,24,14,21,19,BRPF1_ING4,1.0,1.0,1.0,1.0,1.0,1.0,14
BRPF1,ING4,BRPF1_3,ING4_2,insig,posctl,0.07432642609766035,0.1454653838378615,0.07113895774020115,,24,27,21,24,BRPF1_ING4,1.0,1.0,1.0,1.0,1.0,1.0,21
BRPF1,ING4,BRPF1_3,ING4_3,insig,posctl,-0.00038584230056626015,0.061814891652917765,0.06220073395348402,,24,22,21,15,BRPF1_ING4,1.0,1.0,1.0,1.0,1.0,1.0,15
CHD4,CDK2AP1,CHD4_1,CDK2AP1_1,down,decrease,0.08316873637845702,0.07052087505302705,-0.012647861325429971,True,30,27,11,33,CHD4_CDK2AP1,0.5729527032734936,0.8251366927017523,0.6530866481447487,0.8630710173709224,0.5729527032734936,0.7285617653727292,11
CHD4,CDK2AP1,CHD4_1,CDK2AP1_2,down,decrease,0.07502305821780121,0.10097495475482948,0.02595189653702827,False,30,30,11,39,CHD4_CDK2AP1,0.5729527032734936,0.9733351456128316,0.6530866481447487,1.0,0.5729527032734936,0.7998436242577684,11
CHD4,CDK2AP1,CHD4_1,CDK2AP1_3,down,decrease,0.11667153755382456,0.06800177021138432,-0.048669767342440245,True,30,32,11,31,CHD4_CDK2AP1,0.5729527032734936,1.0,0.6530866481447487,1.0,0.5729527032734936,0.8065098378545605,11
CHD4,CDK2AP1,CHD4_2,CDK2AP1_1,down,decrease,0.04906186137704011,0.0731483572801322,0.024086495903092094,False,28,27,14,33,CHD4_CDK2AP1,0.7202587195332262,0.8251366927017523,0.6156686861803093,0.8630710173709224,0.6156686861803093,0.7560337789465525,14
CHD4,CDK2AP1,CHD4_2,CDK2AP1_2,down,decrease,0.012459155980777079,0.13324923614789574,0.12079008016711866,False,28,30,14,39,CHD4_CDK2AP1,0.7202587195332262,0.9733351456128316,0.6156686861803093,1.0,0.6156686861803093,0.8273156378315918,14
CHD4,CDK2AP1,CHD4_2,CDK2AP1_3,down,decrease,0.01841998063335808,0.062305380183206804,0.04388539954984873,False,28,32,14,31,CHD4_CDK2AP1,0.7202587195332262,1.0,0.6156686861803093,1.0,0.6156686861803093,0.8339818514283839,14
CHD4,CDK2AP1,CHD4_3,CDK2AP1_1,down,decrease,0.06209412460542057,0.11941005190864269,0.057315927303222124,False,27,27,17,33,CHD4_CDK2AP1,0.43148529795896906,0.8251366927017523,0.6506250116911285,0.8630710173709224,0.43148529795896906,0.6925795049306931,17
CHD4,CDK2AP1,CHD4_3,CDK2AP1_2,down,decrease,0.050543530097497895,0.11334715776013722,0.06280362766263933,False,27,30,17,39,CHD4_CDK2AP1,0.43148529795896906,0.9733351456128316,0.6506250116911285,1.0,0.43148529795896906,0.7638613638157323,17
CHD4,CDK2AP1,CHD4_3,CDK2AP1_3,down,decrease,0.07200972372377391,0.10922100675908254,0.03721128303530863,False,27,32,17,31,CHD4_CDK2AP1,0.43148529795896906,1.0,0.6506250116911285,1.0,0.43148529795896906,0.7705275774125244,17
HDAC1,GATAD2B,HDAC1_1,GATAD2B_1,down,decrease,0.12486030543057557,0.07534664638380124,-0.04951365904677432,True,26,19,29,14,HDAC1_GATAD2B,1.0,1.0,1.0,1.0,1.0,1.0,14
HDAC1,GATAD2B,HDAC1_1,GATAD2B_2,down,decrease,0.0813322894698777,0.08514240603931553,0.0038101165694378325,False,26,22,29,16,HDAC1_GATAD2B,1.0,1.0,1.0,1.0,1.0,1.0,16
HDAC1,GATAD2B,HDAC1_1,GATAD2B_3,down,decrease,0.12321455391759997,0.07704304199680127,-0.0461715119207987,True,26,25,29,19,HDAC1_GATAD2B,1.0,1.0,1.0,1.0,1.0,1.0,19
HDAC1,GATAD2B,HDAC1_2,GATAD2B_1,down,decrease,0.09362913465495518,0.032988236149504066,-0.06064089850545111,True,25,19,15,14,HDAC1_GATAD2B,1.0,1.0,1.0,1.0,1.0,1.0,14
HDAC1,GATAD2B,HDAC1_2,GATAD2B_2,down,decrease,0.08732378087635749,0.08264722365206421,-0.004676557224293276,True,25,22,15,16,HDAC1_GATAD2B,1.0,1.0,1.0,1.0,1.0,1.0,15
HDAC1,GATAD2B,HDAC1_2,GATAD2B_3,down,decrease,0.0802075412947396,0.06179890724242368,-0.018408634052315923,True,25,25,15,19,HDAC1_GATAD2B,1.0,1.0,1.0,1.0,1.0,1.0,15
HDAC1,GATAD2B,HDAC1_3,GATAD2B_1,down,decrease,0.03397216956898829,0.03308200614675369,-0.0008901634222346008,True,18,19,17,14,HDAC1_GATAD2B,1.0,1.0,1.0,1.0,1.0,1.0,14
HDAC1,GATAD2B,HDAC1_3,GATAD2B_2,down,decrease,0.09875450512916863,0.03327076759862132,-0.06548373753054731,True,18,22,17,16,HDAC1_GATAD2B,1.0,1.0,1.0,1.0,1.0,1.0,16
HDAC1,GATAD2B,HDAC1_3,GATAD2B_3,down,decrease,0.05367768994037842,0.06907255036361395,0.015394860423235533,False,18,25,17,19,HDAC1_GATAD2B,1.0,1.0,1.0,1.0,1.0,1.0,17
HDAC1,MBD3,HDAC1_1,MBD3_1,down,decrease,0.06904996824110944,0.15126539920413595,0.08221543096302651,False,26,24,29,18,HDAC1_MBD3,1.0,1.0,1.0,1.0,1.0,1.0,18
HDAC1,MBD3,HDAC1_1,MBD3_2,down,decrease,0.0759278811893016,0.1325414743940501,0.056613593204748486,False,26,27,29,25,HDAC1_MBD3,1.0,1.0,1.0,1.0,1.0,1.0,25
HDAC1,MBD3,HDAC1_2,MBD3_1,down,decrease,0.07495182524801301,0.09157042653925991,0.0166186012912469,False,25,24,15,18,HDAC1_MBD3,1.0,1.0,1.0,1.0,1.0,1.0,15
HDAC1,MBD3,HDAC1_2,MBD3_2,down,decrease,0.07619015302246789,0.05934278495422637,-0.016847368068241518,True,25,27,15,25,HDAC1_MBD3,1.0,1.0,1.0,1.0,1.0,1.0,15
HDAC1,MBD3,HDAC1_3,MBD3_1,down,decrease,0.012569631387814199,0.06291838212032805,0.05034875073251385,False,18,24,17,18,HDAC1_MBD3,1.0,1.0,1.0,1.0,1.0,1.0,17
HDAC1,MBD3,HDAC1_3,MBD3_2,down,decrease,0.1279681003804205,0.08314912924923627,-0.04481897113118423,True,18,27,17,25,HDAC1_MBD3,1.0,1.0,1.0,1.0,1.0,1.0,17
HDAC2,HMG20B,HDAC2_1,HMG20B_1,down,decrease,0.027363527039778165,0.017941715895224263,-0.009421811144553902,True,12,17,13,16,HDAC2_HMG20B,0.8135898036486287,1.0,0.7174212246956764,0.6819088860243729,0.6819088860243729,0.8032299785921695,12
HDAC2,HMG20B,HDAC2_1,HMG20B_2,down,decrease,0.04745187136060969,0.05454340977107772,0.007091538410468029,False,12,25,13,7,HDAC2_HMG20B,0.8135898036486287,1.0,0.7174212246956764,1.0,0.7174212246956764,0.8827527570860763,7
HDAC2,HMG20B,HDAC2_1,HMG20B_3,down,decrease,0.1353275290927004,0.1338228952924748,-0.0015046338002256132,True,12,23,13,29,HDAC2_HMG20B,0.8135898036486287,1.0,0.7174212246956764,1.0,0.7174212246956764,0.8827527570860763,12
HDAC2,HMG20B,HDAC2_2,HMG20B_1,down,decrease,0.07478856885983469,0.08133134127961665,0.0065427724197819614,False,28,17,30,16,HDAC2_HMG20B,0.683188052949286,1.0,0.5515728838767691,0.6819088860243729,0.5515728838767691,0.729167455712607,16
HDAC2,HMG20B,HDAC2_2,HMG20B_2,down,decrease,0.0781746953238506,0.0780660479573407,-0.00010864736650989526,True,28,25,30,7,HDAC2_HMG20B,0.683188052949286,1.0,0.5515728838767691,1.0,0.5515728838767691,0.8086902342065138,7
HDAC2,HMG20B,HDAC2_2,HMG20B_3,down,decrease,0.03155321051639418,0.08460997220080572,0.05305676168441154,False,28,23,30,29,HDAC2_HMG20B,0.683188052949286,1.0,0.5515728838767691,1.0,0.5515728838767691,0.8086902342065138,23
HDAC2,HMG20B,HDAC2_3,HMG20B_1,down,decrease,0.10073626611895163,0.09946418674170701,-0.0012720793772446198,True,22,17,18,16,HDAC2_HMG20B,0.7867067043218716,1.0,0.6724107594272859,0.6819088860243729,0.6724107594272859,0.7852565874433826,16
HDAC2,HMG20B,HDAC2_3,HMG20B_2,down,decrease,0.1140538303804026,0.09003993351302574,-0.024013896867376858,True,22,25,18,7,HDAC2_HMG20B,0.7867067043218716,1.0,0.6724107594272859,1.0,0.6724107594272859,0.8647793659372893,7
HDAC2,HMG20B,HDAC2_3,HMG20B_3,down,decrease,0.11904019041504568,0.11029829266796119,-0.00874189774708449,True,22,23,18,29,HDAC2_HMG20B,0.7867067043218716,1.0,0.6724107594272859,1.0,0.6724107594272859,0.8647793659372893,18
HDAC2,MBD3,HDAC2_1,MBD3_1,down,decrease,0.12896832201774094,0.06761935515610504,-0.061348966861635906,True,12,24,13,18,HDAC2_MBD3,0.8135898036486287,1.0,0.7174212246956764,1.0,0.7174212246956764,0.8827527570860763,12
HDAC2,MBD3,HDAC2_1,MBD3_2,down,decrease,0.08666009339319564,0.09258227317495084,0.005922179781755202,False,12,27,13,25,HDAC2_MBD3,0.8135898036486287,1.0,0.7174212246956764,1.0,0.7174212246956764,0.8827527570860763,12
HDAC2,MBD3,HDAC2_2,MBD3_1,down,decrease,0.0710705930239248,0.16042218263619495,0.08935158961227016,False,28,24,30,18,HDAC2_MBD3,0.683188052949286,1.0,0.5515728838767691,1.0,0.5515728838767691,0.8086902342065138,18
HDAC2,MBD3,HDAC2_2,MBD3_2,down,decrease,0.09710056883493016,0.11305859090819292,0.01595802207326276,False,28,27,30,25,HDAC2_MBD3,0.683188052949286,1.0,0.5515728838767691,1.0,0.5515728838767691,0.8086902342065138,25
HDAC2,MBD3,HDAC2_3,MBD3_1,down,decrease,0.09550850078515782,0.13027687990478065,0.03476837911962283,False,22,24,18,18,HDAC2_MBD3,0.7867067043218716,1.0,0.6724107594272859,1.0,0.6724107594272859,0.8647793659372893,18
HDAC2,MBD3,HDAC2_3,MBD3_2,down,decrease,0.07427029127520636,0.08059182060526136,0.0063215293300550035,False,22,27,18,25,HDAC2_MBD3,0.7867067043218716,1.0,0.6724107594272859,1.0,0.6724107594272859,0.8647793659372893,18
HDAC2,RBBP4,HDAC2_1,RBBP4_1,down,decrease,0.1285026105035857,0.06959619112558227,-0.05890641937800342,True,12,30,13,21,HDAC2_RBBP4,0.8135898036486287,0.754992950631477,0.7174212246956764,1.0,0.7174212246956764,0.8215009947439456,12
HDAC2,RBBP4,HDAC2_1,RBBP4_2,down,decrease,0.044666061713777454,0.10031426118868637,0.05564819947490892,False,12,23,13,17,HDAC2_RBBP4,0.8135898036486287,1.0,0.7174212246956764,1.0,0.7174212246956764,0.8827527570860763,12
HDAC2,RBBP4,HDAC2_1,RBBP4_3,down,decrease,0.03232135239917443,0.06261581629008905,0.030294463890914627,False,12,19,13,20,HDAC2_RBBP4,0.8135898036486287,0.8100015332750614,0.7174212246956764,0.7560389353377073,0.7174212246956764,0.7742628742392683,12
HDAC2,RBBP4,HDAC2_2,RBBP4_1,down,decrease,0.05754962957123881,0.05867669419658591,0.0011270646253470976,False,28,30,30,21,HDAC2_RBBP4,0.683188052949286,0.754992950631477,0.5515728838767691,1.0,0.5515728838767691,0.747438471864383,21
HDAC2,RBBP4,HDAC2_2,RBBP4_2,down,decrease,0.06458183720186242,0.07700176134593405,0.012419924144071628,False,28,23,30,17,HDAC2_RBBP4,0.683188052949286,1.0,0.5515728838767691,1.0,0.5515728838767691,0.8086902342065138,17
HDAC2,RBBP4,HDAC2_2,RBBP4_3,down,decrease,0.12509241169146515,0.09605479810004663,-0.029037613591418515,True,28,19,30,20,HDAC2_RBBP4,0.683188052949286,0.8100015332750614,0.5515728838767691,0.7560389353377073,0.5515728838767691,0.7002003513597059,19
HDAC2,RBBP4,HDAC2_3,RBBP4_1,down,decrease,0.106518602020895,0.062108538616896115,-0.04441006340399888,True,22,30,18,21,HDAC2_RBBP4,0.7867067043218716,0.754992950631477,0.6724107594272859,1.0,0.6724107594272859,0.8035276035951586,18
HDAC2,RBBP4,HDAC2_3,RBBP4_2,down,decrease,0.1234273462008675,0.06519562002725447,-0.058231726173613024,True,22,23,18,17,HDAC2_RBBP4,0.7867067043218716,1.0,0.6724107594272859,1.0,0.6724107594272859,0.8647793659372893,17
HDAC2,RBBP4,HDAC2_3,RBBP4_3,down,decrease,0.1547831247265268,0.10508534734074491,-0.04969777738578189,True,22,19,18,20,HDAC2_RBBP4,0.7867067043218716,0.8100015332750614,0.6724107594272859,0.7560389353377073,0.6724107594272859,0.7562894830904816,18
HDAC2,RCOR3,HDAC2_1,RCOR3_1,down,decrease,0.0547870906849511,0.10977690442846097,0.05498981374350987,False,12,21,13,14,HDAC2_RCOR3,0.8135898036486287,1.0,0.7174212246956764,1.0,0.7174212246956764,0.8827527570860763,12
HDAC2,RCOR3,HDAC2_1,RCOR3_2,down,decrease,0.07162569361106831,0.0669794618961367,-0.004646231714931615,True,12,24,13,15,HDAC2_RCOR3,0.8135898036486287,1.0,0.7174212246956764,1.0,0.7174212246956764,0.8827527570860763,12
HDAC2,RCOR3,HDAC2_1,RCOR3_3,down,decrease,0.12506075189118196,0.06738754295947844,-0.057673208931703523,True,12,22,13,16,HDAC2_RCOR3,0.8135898036486287,0.8107342078508006,0.7174212246956764,1.0,0.7174212246956764,0.8354363090487764,12
HDAC2,RCOR3,HDAC2_2,RCOR3_1,down,decrease,0.046403768370491864,0.08703537612246398,0.04063160775197212,False,28,21,30,14,HDAC2_RCOR3,0.683188052949286,1.0,0.5515728838767691,1.0,0.5515728838767691,0.8086902342065138,14
HDAC2,RCOR3,HDAC2_2,RCOR3_2,down,decrease,0.08521569816198503,0.08631999202701093,0.0011042938650259043,False,28,24,30,15,HDAC2_RCOR3,0.683188052949286,1.0,0.5515728838767691,1.0,0.5515728838767691,0.8086902342065138,15
HDAC2,RCOR3,HDAC2_2,RCOR3_3,down,decrease,0.0745435295678004,0.07619654729339213,0.0016530177255917322,False,28,22,30,16,HDAC2_RCOR3,0.683188052949286,0.8107342078508006,0.5515728838767691,1.0,0.5515728838767691,0.7613737861692139,16
HDAC2,RCOR3,HDAC2_3,RCOR3_1,down,decrease,0.08469810223917305,0.05195794934301164,-0.03274015289616141,True,22,21,18,14,HDAC2_RCOR3,0.7867067043218716,1.0,0.6724107594272859,1.0,0.6724107594272859,0.8647793659372893,14
HDAC2,RCOR3,HDAC2_3,RCOR3_2,down,decrease,0.07119316204522745,0.05880048810191101,-0.012392673943316439,True,22,24,18,15,HDAC2_RCOR3,0.7867067043218716,1.0,0.6724107594272859,1.0,0.6724107594272859,0.8647793659372893,15
HDAC2,RCOR3,HDAC2_3,RCOR3_3,down,decrease,0.10593955712986605,0.08023746311206029,-0.025702094017805766,True,22,22,18,16,HDAC2_RCOR3,0.7867067043218716,0.8107342078508006,0.6724107594272859,1.0,0.6724107594272859,0.8174629178999895,16
HDAC3,CITED2,HDAC3_1,CITED2_1,up,increase,0.11551298963583084,0.08517599525652789,-0.030336994379302956,False,31,16,21,19,HDAC3_CITED2,1.0,0.591964672654013,1.0,0.8611094216810289,0.591964672654013,0.8632685235837605,16
HDAC3,CITED2,HDAC3_1,CITED2_2,up,increase,0.1284979393771784,0.0909116288345422,-0.03758631054263621,False,31,39,21,36,HDAC3_CITED2,1.0,0.6497335526189634,1.0,0.8351330364955092,0.6497335526189634,0.8712166472786181,21
HDAC3,CITED2,HDAC3_1,CITED2_3,up,increase,0.08905010651727847,0.07011866098936256,-0.01893144552791591,False,31,26,21,24,HDAC3_CITED2,1.0,0.7745911268397101,1.0,0.9300703812190101,0.7745911268397101,0.92616537701468,21
HDAC3,CITED2,HDAC3_3,CITED2_1,up,increase,0.03312506616214289,0.0426351713184153,0.00951010515627241,True,16,16,15,19,HDAC3_CITED2,1.0,0.591964672654013,0.7950592118536823,0.8611094216810289,0.591964672654013,0.8120333265471811,15
HDAC3,CITED2,HDAC3_3,CITED2_2,up,increase,0.05654458147262295,0.10378619622988731,0.047241614757264364,True,16,39,15,36,HDAC3_CITED2,1.0,0.6497335526189634,0.7950592118536823,0.8351330364955092,0.6497335526189634,0.8199814502420387,15
HDAC3,CITED2,HDAC3_3,CITED2_3,up,increase,0.052387860365028675,0.10617869849410225,0.05379083812907357,True,16,26,15,24,HDAC3_CITED2,1.0,0.7745911268397101,0.7950592118536823,0.9300703812190101,0.7745911268397101,0.8749301799781006,15
HDAC3,HMGN2,HDAC3_1,HMGN2_1,down,decrease,0.03284858688125652,0.04160606975436055,0.00875748287310403,False,31,12,21,8,HDAC3_HMGN2,1.0,0.7406725046644242,1.0,0.5072230632902587,0.5072230632902587,0.8119738919886706,8
HDAC3,HMGN2,HDAC3_1,HMGN2_2,down,decrease,0.052574528606568215,0.09455759300750922,0.04198306440094101,False,31,18,21,23,HDAC3_HMGN2,1.0,0.9368806625916678,1.0,0.6410988408624536,0.6410988408624536,0.8944948758635303,18
HDAC3,HMGN2,HDAC3_1,HMGN2_3,down,decrease,0.05135151721826976,0.07209921392586444,0.020747696707594673,False,31,31,21,26,HDAC3_HMGN2,1.0,0.6750018585108785,1.0,0.5926062749675391,0.5926062749675391,0.8169020333696044,21
HDAC3,HMGN2,HDAC3_3,HMGN2_1,down,decrease,-0.022961899947822294,0.02648719664454324,0.04944909659236553,False,16,12,15,8,HDAC3_HMGN2,1.0,0.7406725046644242,0.7950592118536823,0.5072230632902587,0.5072230632902587,0.7607386949520912,8
HDAC3,HMGN2,HDAC3_3,HMGN2_2,down,decrease,0.09415113720735124,0.047660790271275795,-0.04649034693607545,True,16,18,15,23,HDAC3_HMGN2,1.0,0.9368806625916678,0.7950592118536823,0.6410988408624536,0.6410988408624536,0.8432596788269509,15
HDAC3,HMGN2,HDAC3_3,HMGN2_3,down,decrease,0.07667517389740913,0.07266942630376372,-0.0040057475936454146,True,16,31,15,26,HDAC3_HMGN2,1.0,0.6750018585108785,0.7950592118536823,0.5926062749675391,0.5926062749675391,0.765666836333025,15
HDAC3,NCOA5,HDAC3_1,NCOA5_1,down,decrease,0.10976698125205764,0.09171531423141467,-0.018051667020642967,True,31,15,21,13,HDAC3_NCOA5,1.0,1.0,1.0,1.0,1.0,1.0,13
HDAC3,NCOA5,HDAC3_1,NCOA5_2,down,decrease,0.10925849648754143,0.08336504711026427,-0.025893449377277167,True,31,23,21,18,HDAC3_NCOA5,1.0,1.0,1.0,1.0,1.0,1.0,18
HDAC3,NCOA5,HDAC3_1,NCOA5_3,down,decrease,0.12694111740327402,0.10573058345421409,-0.02121053394905993,True,31,22,21,25,HDAC3_NCOA5,1.0,1.0,1.0,1.0,1.0,1.0,21
HDAC3,NCOA5,HDAC3_3,NCOA5_1,down,decrease,0.08060548100209612,0.07494695902866322,-0.005658521973432903,True,16,15,15,13,HDAC3_NCOA5,1.0,1.0,0.7950592118536823,1.0,0.7950592118536823,0.9487648029634206,13
HDAC3,NCOA5,HDAC3_3,NCOA5_2,down,decrease,0.03240587360488833,0.06618630003616306,0.033780426431274733,False,16,23,15,18,HDAC3_NCOA5,1.0,1.0,0.7950592118536823,1.0,0.7950592118536823,0.9487648029634206,15
HDAC3,NCOA5,HDAC3_3,NCOA5_3,down,decrease,0.06007232150952663,0.12392969273966441,0.06385737123013778,False,16,22,15,25,HDAC3_NCOA5,1.0,1.0,0.7950592118536823,1.0,0.7950592118536823,0.9487648029634206,15
HDAC3,SMARCC1,HDAC3_1,SMARCC1_1,down,decrease,0.09229145520776057,0.09362207710691854,0.0013306218991579744,False,31,28,21,20,HDAC3_SMARCC1,1.0,1.0,1.0,1.0,1.0,1.0,20
HDAC3,SMARCC1,HDAC3_1,SMARCC1_2,down,decrease,0.11268370919489569,0.0625383764772493,-0.05014533271764639,True,31,25,21,21,HDAC3_SMARCC1,1.0,0.7909772711833087,1.0,1.0,0.7909772711833087,0.9477443177958271,21
HDAC3,SMARCC1,HDAC3_1,SMARCC1_3,down,decrease,0.12596843405569244,0.03202336935154837,-0.09394506470414407,True,31,28,21,24,HDAC3_SMARCC1,1.0,0.8372332290429745,1.0,1.0,0.8372332290429745,0.9593083072607436,21
HDAC3,SMARCC1,HDAC3_3,SMARCC1_1,down,decrease,0.01375039092000646,0.06568601031721556,0.0519356193972091,False,16,28,15,20,HDAC3_SMARCC1,1.0,1.0,0.7950592118536823,1.0,0.7950592118536823,0.9487648029634206,15
HDAC3,SMARCC1,HDAC3_3,SMARCC1_2,down,decrease,0.07966367848513613,0.0743930195130931,-0.005270658972043027,True,16,25,15,21,HDAC3_SMARCC1,1.0,0.7909772711833087,0.7950592118536823,1.0,0.7909772711833087,0.8965091207592477,15
HDAC3,SMARCC1,HDAC3_3,SMARCC1_3,down,decrease,0.06873513965564894,0.06239187879419499,-0.006343260861453946,True,16,28,15,24,HDAC3_SMARCC1,1.0,0.8372332290429745,0.7950592118536823,1.0,0.7950592118536823,0.9080731102241641,15
HDAC7,CTTNBP2NL,HDAC7_1,CTTNBP2NL_1,up,increase,0.052632280950297504,0.10925302186497604,0.05662074091467854,True,34,17,35,18,HDAC7_CTTNBP2NL,1.0,1.0,1.0,0.8782656435797973,0.8782656435797973,0.9695664108949493,17
HDAC7,CTTNBP2NL,HDAC7_1,CTTNBP2NL_2,up,increase,0.07155245968186773,0.08660271247010777,0.015050252788240043,True,34,28,35,21,HDAC7_CTTNBP2NL,1.0,1.0,1.0,1.0,1.0,1.0,21
HDAC7,CTTNBP2NL,HDAC7_1,CTTNBP2NL_3,up,increase,0.04374624034855812,0.1276912976551622,0.08394505730660409,True,34,23,35,23,HDAC7_CTTNBP2NL,1.0,1.0,1.0,1.0,1.0,1.0,23
HDAC7,CTTNBP2NL,HDAC7_3,CTTNBP2NL_1,up,increase,0.005076093670314938,0.07213386867751861,0.06705777500720368,True,17,17,18,18,HDAC7_CTTNBP2NL,1.0,1.0,1.0,0.8782656435797973,0.8782656435797973,0.9695664108949493,17
HDAC7,CTTNBP2NL,HDAC7_3,CTTNBP2NL_2,up,increase,0.08577544175241196,0.13230102760086415,0.04652558584845219,True,17,28,18,21,HDAC7_CTTNBP2NL,1.0,1.0,1.0,1.0,1.0,1.0,17
HDAC7,CTTNBP2NL,HDAC7_3,CTTNBP2NL_3,up,increase,0.11708940707405062,0.09707187525862043,-0.020017531815430187,False,17,23,18,23,HDAC7_CTTNBP2NL,1.0,1.0,1.0,1.0,1.0,1.0,17
HDAC7,UHRF1,HDAC7_1,UHRF1_1,down,decrease,0.0554536536512587,0.12034447379411616,0.06489082014285746,False,34,25,35,14,HDAC7_UHRF1,1.0,1.0,1.0,1.0,1.0,1.0,14
HDAC7,UHRF1,HDAC7_3,UHRF1_1,down,decrease,0.1082505734285016,0.07118473936166132,-0.037065834066840275,True,17,25,18,14,HDAC7_UHRF1,1.0,1.0,1.0,1.0,1.0,1.0,14
KAT2A,TADA2A,KAT2A_1,TADA2A_2,down,decrease,0.11571358881597987,0.06644800512548311,-0.04926558369049676,True,36,29,24,11,KAT2A_TADA2A,1.0,1.0,1.0,1.0,1.0,1.0,11
KAT2A,TADA2A,KAT2A_1,TADA2A_3,down,decrease,0.13381398627847738,0.09168416911871995,-0.04212981715975743,True,36,22,24,11,KAT2A_TADA2A,1.0,1.0,1.0,1.0,1.0,1.0,11
KAT2A,TADA2A,KAT2A_2,TADA2A_2,down,decrease,0.11297842333629834,0.06448322037453043,-0.048495202961767916,True,27,29,15,11,KAT2A_TADA2A,1.0,1.0,1.0,1.0,1.0,1.0,11
KAT2A,TADA2A,KAT2A_2,TADA2A_3,down,decrease,0.1372401657276439,0.08218322688116121,-0.055056938846482675,True,27,22,15,11,KAT2A_TADA2A,1.0,1.0,1.0,1.0,1.0,1.0,11
KAT2A,TADA2A,KAT2A_3,TADA2A_2,down,decrease,0.08683756966324667,0.0748218531491697,-0.012015716514076971,True,29,29,23,11,KAT2A_TADA2A,1.0,1.0,1.0,1.0,1.0,1.0,11
KAT2A,TADA2A,KAT2A_3,TADA2A_3,down,decrease,0.10755087489979777,0.056804539214388855,-0.050746335685408914,True,29,22,23,11,KAT2A_TADA2A,1.0,1.0,1.0,1.0,1.0,1.0,11
MORF4L1,BRD8,MORF4L1_1,BRD8_1,down,decrease,0.10785937889587383,0.06059242890160012,-0.04726694999427371,True,19,20,17,7,MORF4L1_BRD8,0.637626840942976,1.0,0.7988404774400302,1.0,0.637626840942976,0.8591168295957515,7
MORF4L1,BRD8,MORF4L1_1,BRD8_3,down,decrease,0.03860003091481625,0.11501013754244824,0.07641010662763198,False,19,16,17,15,MORF4L1_BRD8,0.637626840942976,1.0,0.7988404774400302,1.0,0.637626840942976,0.8591168295957515,15
MORF4L1,BRD8,MORF4L1_2,BRD8_1,down,decrease,0.11519030335954407,0.0743929101512384,-0.040797393208305666,True,30,20,23,7,MORF4L1_BRD8,0.8065193603860603,1.0,1.0,1.0,0.8065193603860603,0.9516298400965151,7
MORF4L1,BRD8,MORF4L1_2,BRD8_3,down,decrease,0.0394376890197029,0.09638676856072323,0.05694907954102033,False,30,16,23,15,MORF4L1_BRD8,0.8065193603860603,1.0,1.0,1.0,0.8065193603860603,0.9516298400965151,15
MORF4L1,BRD8,MORF4L1_3,BRD8_1,down,decrease,0.04422810330485244,0.07217338344332865,0.027945280138476206,False,11,20,9,7,MORF4L1_BRD8,0.6919332063510708,1.0,0.791909574102535,1.0,0.6919332063510708,0.8709606951134015,7
MORF4L1,BRD8,MORF4L1_3,BRD8_3,down,decrease,0.04026849184470403,0.03572038241197971,-0.004548109432724323,True,11,16,9,15,MORF4L1_BRD8,0.6919332063510708,1.0,0.791909574102535,1.0,0.6919332063510708,0.8709606951134015,9
MORF4L1,MRGBP,MORF4L1_1,MRGBP_1,down,decrease,0.07882375194053079,0.022487761739728766,-0.05633599020080202,True,19,25,17,18,MORF4L1_MRGBP,0.637626840942976,1.0,0.7988404774400302,1.0,0.637626840942976,0.8591168295957515,17
MORF4L1,MRGBP,MORF4L1_1,MRGBP_2,down,decrease,0.05523535958767893,0.062103066414446545,0.006867706826767614,False,19,22,17,16,MORF4L1_MRGBP,0.637626840942976,1.0,0.7988404774400302,1.0,0.637626840942976,0.8591168295957515,16
MORF4L1,MRGBP,MORF4L1_2,MRGBP_1,down,decrease,0.029425793452475122,0.09620639595849763,0.06678060250602251,False,30,25,23,18,MORF4L1_MRGBP,0.8065193603860603,1.0,1.0,1.0,0.8065193603860603,0.9516298400965151,18
MORF4L1,MRGBP,MORF4L1_2,MRGBP_2,down,decrease,0.05966397131528543,0.07255166317851129,0.012887691863225859,False,30,22,23,16,MORF4L1_MRGBP,0.8065193603860603,1.0,1.0,1.0,0.8065193603860603,0.9516298400965151,16
MORF4L1,MRGBP,MORF4L1_3,MRGBP_1,down,decrease,0.10275036586338121,0.07635426589152733,-0.02639609997185388,True,11,25,9,18,MORF4L1_MRGBP,0.6919332063510708,1.0,0.791909574102535,1.0,0.6919332063510708,0.8709606951134015,9
MORF4L1,MRGBP,MORF4L1_3,MRGBP_2,down,decrease,0.11615543625918648,0.025478822239122862,-0.09067661402006362,True,11,22,9,16,MORF4L1_MRGBP,0.6919332063510708,1.0,0.791909574102535,1.0,0.6919332063510708,0.8709606951134015,9
MSL1,EPS15,MSL1_3,EPS15_1,up,increase,0.06564029227406663,0.09489363934484786,0.029253347070781227,True,29,17,21,27,MSL1_EPS15,1.0,1.0,1.0,0.7103369259338153,0.7103369259338153,0.9275842314834538,17
MSL1,EPS15,MSL1_3,EPS15_2,up,increase,0.08133415771444112,0.0701124731817673,-0.011221684532673817,False,29,20,21,18,MSL1_EPS15,1.0,1.0,1.0,1.0,1.0,1.0,18
MSL1,EPS15,MSL1_3,EPS15_3,up,increase,0.05159386447933073,0.08488551859893274,0.03329165411960201,True,29,20,21,33,MSL1_EPS15,1.0,1.0,1.0,1.0,1.0,1.0,20
MSL1,HIP1,MSL1_3,HIP1_2,up,increase,0.08456464174405594,0.06825486504507502,-0.016309776698980913,False,29,15,21,31,MSL1_HIP1,1.0,1.0,1.0,1.0,1.0,1.0,15
MSL1,KAT8,MSL1_3,KAT8_1,down,decrease,0.07086112544096586,0.09116657501701673,0.020305449576050877,False,29,35,21,25,MSL1_KAT8,1.0,1.0,1.0,1.0,1.0,1.0,21
MSL1,KAT8,MSL1_3,KAT8_2,down,decrease,0.12676076561839875,0.11367837799504882,-0.013082387623349928,True,29,28,21,37,MSL1_KAT8,1.0,1.0,1.0,1.0,1.0,1.0,21
MSL1,KAT8,MSL1_3,KAT8_3,down,decrease,0.068140128827583,0.06343547941535631,-0.0047046494122266885,True,29,19,21,24,MSL1_KAT8,1.0,1.0,1.0,1.0,1.0,1.0,19
MSL1,MSL2,MSL1_3,MSL2_1,down,decrease,0.09983334134124495,0.08829060102121088,-0.011542740320034078,True,29,17,21,17,MSL1_MSL2,1.0,1.0,1.0,1.0,1.0,1.0,17
MSL1,MSL2,MSL1_3,MSL2_2,down,decrease,0.08773113885736425,0.07713736730855478,-0.010593771548809472,True,29,20,21,10,MSL1_MSL2,1.0,1.0,1.0,1.0,1.0,1.0,10
MSL1,MSL2,MSL1_3,MSL2_3,down,decrease,0.07480143084391498,0.053996096967529196,-0.020805333876385786,True,29,17,21,22,MSL1_MSL2,1.0,1.0,1.0,1.0,1.0,1.0,17
MSL1,MSL3,MSL1_3,MSL3_1,down,decrease,0.0661187576689365,0.06623167814224938,0.00011292047331287747,False,29,19,21,14,MSL1_MSL3,1.0,1.0,1.0,1.0,1.0,1.0,14
PIM1,CALCOCO1,PIM1_1,CALCOCO1_1,gained,increase,0.06896583588673233,0.09325723692478556,0.02429140103805323,True,35,32,21,22,PIM1_CALCOCO1,1.0,1.0,1.0,1.0,1.0,1.0,21
PIM1,CALCOCO1,PIM1_1,CALCOCO1_2,gained,increase,0.005606371576434546,0.0947043723562708,0.08909800077983625,True,35,19,21,22,PIM1_CALCOCO1,1.0,1.0,1.0,1.0,1.0,1.0,19
PIM1,CALCOCO1,PIM1_1,CALCOCO1_3,gained,increase,0.05653523900188787,0.08149601981049324,0.024960780808605372,True,35,22,21,18,PIM1_CALCOCO1,1.0,1.0,1.0,1.0,1.0,1.0,18
PIM1,CALCOCO1,PIM1_2,CALCOCO1_1,gained,increase,0.10999718948369468,0.06017728434992168,-0.049819905133773,False,22,32,16,22,PIM1_CALCOCO1,1.0,1.0,1.0,1.0,1.0,1.0,16
PIM1,CALCOCO1,PIM1_2,CALCOCO1_2,gained,increase,0.03305780892917264,0.07544186873099153,0.042384059801818884,True,22,19,16,22,PIM1_CALCOCO1,1.0,1.0,1.0,1.0,1.0,1.0,16
PIM1,CALCOCO1,PIM1_2,CALCOCO1_3,gained,increase,0.1033844346758405,0.055524113025546135,-0.04786032165029437,False,22,22,16,18,PIM1_CALCOCO1,1.0,1.0,1.0,1.0,1.0,1.0,16
PIM1,CALCOCO1,PIM1_3,CALCOCO1_1,gained,increase,0.013536455628400848,0.08697579491351286,0.07343933928511201,True,14,32,19,22,PIM1_CALCOCO1,1.0,1.0,1.0,1.0,1.0,1.0,14
PIM1,CALCOCO1,PIM1_3,CALCOCO1_2,gained,increase,0.02121079519920369,0.06842845606254527,0.04721766086334159,True,14,19,19,22,PIM1_CALCOCO1,1.0,1.0,1.0,1.0,1.0,1.0,14
PIM1,CALCOCO1,PIM1_3,CALCOCO1_3,gained,increase,0.055904552094523316,0.058471306027515206,0.00256675393299189,True,14,22,19,18,PIM1_CALCOCO1,1.0,1.0,1.0,1.0,1.0,1.0,14
PIM1,GATAD2B,PIM1_1,GATAD2B_1,down,decrease,0.08604261713544523,0.010284760078659028,-0.0757578570567862,True,35,19,21,14,PIM1_GATAD2B,1.0,1.0,1.0,1.0,1.0,1.0,14
PIM1,GATAD2B,PIM1_1,GATAD2B_2,down,decrease,0.07929346904081976,0.08428318379655629,0.004989714755736535,False,35,22,21,16,PIM1_GATAD2B,1.0,1.0,1.0,1.0,1.0,1.0,16
PIM1,GATAD2B,PIM1_1,GATAD2B_3,down,decrease,0.07955435256687365,0.07839553790762276,-0.001158814659250898,True,35,25,21,19,PIM1_GATAD2B,1.0,1.0,1.0,1.0,1.0,1.0,19
PIM1,GATAD2B,PIM1_2,GATAD2B_1,down,decrease,0.08629776027484283,0.04465786853870997,-0.04163989173613286,True,22,19,16,14,PIM1_GATAD2B,1.0,1.0,1.0,1.0,1.0,1.0,14
PIM1,GATAD2B,PIM1_2,GATAD2B_2,down,decrease,0.08366943271541413,0.09046382949546458,0.006794396780050449,False,22,22,16,16,PIM1_GATAD2B,1.0,1.0,1.0,1.0,1.0,1.0,16
PIM1,GATAD2B,PIM1_2,GATAD2B_3,down,decrease,0.1082696716230472,0.07473583875975628,-0.03353383286329091,True,22,25,16,19,PIM1_GATAD2B,1.0,1.0,1.0,1.0,1.0,1.0,16
PIM1,GATAD2B,PIM1_3,GATAD2B_1,down,decrease,0.05604483735906427,0.06909994967732529,0.013055112318261015,False,14,19,19,14,PIM1_GATAD2B,1.0,1.0,1.0,1.0,1.0,1.0,14
PIM1,GATAD2B,PIM1_3,GATAD2B_2,down,decrease,0.04702903832840289,0.039696818717675636,-0.007332219610727254,True,14,22,19,16,PIM1_GATAD2B,1.0,1.0,1.0,1.0,1.0,1.0,14
PIM1,GATAD2B,PIM1_3,GATAD2B_3,down,decrease,0.0814758961601396,0.04435248522768837,-0.03712341093245123,True,14,25,19,19,PIM1_GATAD2B,1.0,1.0,1.0,1.0,1.0,1.0,14
PIM1,GPRC5A,PIM1_1,GPRC5A_2,up,increase,0.06513774608122436,0.08975901888342656,0.024621272802202207,True,35,27,21,23,PIM1_GPRC5A,1.0,0.8386944111950323,1.0,0.6667779576188413,0.6667779576188413,0.8763680922034683,21
PIM1,GPRC5A,PIM1_1,GPRC5A_3,up,increase,0.12341496549350107,0.06659030801522754,-0.05682465747827353,False,35,28,21,23,PIM1_GPRC5A,1.0,1.0,1.0,1.0,1.0,1.0,21
PIM1,GPRC5A,PIM1_2,GPRC5A_2,up,increase,0.05611632981364447,0.05957691984552831,0.0034605900318838423,True,22,27,16,23,PIM1_GPRC5A,1.0,0.8386944111950323,1.0,0.6667779576188413,0.6667779576188413,0.8763680922034683,16
PIM1,GPRC5A,PIM1_2,GPRC5A_3,up,increase,0.006761633359233022,0.053553071644403226,0.046791438285170205,True,22,28,16,23,PIM1_GPRC5A,1.0,1.0,1.0,1.0,1.0,1.0,16
PIM1,GPRC5A,PIM1_3,GPRC5A_2,up,increase,0.06812493134019405,0.06265198380012782,-0.005472947540066234,False,14,27,19,23,PIM1_GPRC5A,1.0,0.8386944111950323,1.0,0.6667779576188413,0.6667779576188413,0.8763680922034683,14
PIM1,GPRC5A,PIM1_3,GPRC5A_3,up,increase,0.04727939519858676,0.07054902849279167,0.02326963329420491,True,14,28,19,23,PIM1_GPRC5A,1.0,1.0,1.0,1.0,1.0,1.0,14
PIM1,MBD3,PIM1_1,MBD3_1,down,decrease,0.14984264669805483,0.0840985109725087,-0.06574413572554613,True,35,24,21,18,PIM1_MBD3,1.0,1.0,1.0,1.0,1.0,1.0,18
PIM1,MBD3,PIM1_1,MBD3_2,down,decrease,0.11940805272906073,0.08455719685453632,-0.03485085587452441,True,35,27,21,25,PIM1_MBD3,1.0,1.0,1.0,1.0,1.0,1.0,21
PIM1,MBD3,PIM1_2,MBD3_1,down,decrease,0.05146493158468976,0.08394104360327118,0.032476112018581416,False,22,24,16,18,PIM1_MBD3,1.0,1.0,1.0,1.0,1.0,1.0,16
PIM1,MBD3,PIM1_2,MBD3_2,down,decrease,0.14763177796347846,0.06380920116968636,-0.0838225767937921,True,22,27,16,25,PIM1_MBD3,1.0,1.0,1.0,1.0,1.0,1.0,16
PIM1,MBD3,PIM1_3,MBD3_1,down,decrease,0.09691074929673321,0.07358224802254185,-0.023328501274191366,True,14,24,19,18,PIM1_MBD3,1.0,1.0,1.0,1.0,1.0,1.0,14
PIM1,MBD3,PIM1_3,MBD3_2,down,decrease,0.07421907238662165,0.07315194591814457,-0.0010671264684770781,True,14,27,19,25,PIM1_MBD3,1.0,1.0,1.0,1.0,1.0,1.0,14
PIM1,MTA1,PIM1_1,MTA1_1,down,decrease,0.13606448783628092,0.13039984428317838,-0.005664643553102533,True,35,26,21,20,PIM1_MTA1,1.0,1.0,1.0,1.0,1.0,1.0,20
PIM1,MTA1,PIM1_1,MTA1_2,down,decrease,0.06649230098184444,0.04880785810992621,-0.017684442871918234,True,35,24,21,18,PIM1_MTA1,1.0,1.0,1.0,1.0,1.0,1.0,18
PIM1,MTA1,PIM1_1,MTA1_3,down,decrease,0.08112316848963123,0.025480239656042142,-0.055642928833589095,True,35,19,21,19,PIM1_MTA1,1.0,1.0,1.0,1.0,1.0,1.0,19
PIM1,MTA1,PIM1_2,MTA1_1,down,decrease,0.09839631752258468,0.08007119760337131,-0.018325119919213373,True,22,26,16,20,PIM1_MTA1,1.0,1.0,1.0,1.0,1.0,1.0,16
PIM1,MTA1,PIM1_2,MTA1_2,down,decrease,0.10117971735937827,0.06376295210658968,-0.037416765252788586,True,22,24,16,18,PIM1_MTA1,1.0,1.0,1.0,1.0,1.0,1.0,16
PIM1,MTA1,PIM1_2,MTA1_3,down,decrease,0.0024743165449974047,0.053629672748889856,0.05115535620389245,False,22,19,16,19,PIM1_MTA1,1.0,1.0,1.0,1.0,1.0,1.0,16
PIM1,MTA1,PIM1_3,MTA1_1,down,decrease,0.07021147486329908,0.07911295275527336,0.008901477891974277,False,14,26,19,20,PIM1_MTA1,1.0,1.0,1.0,1.0,1.0,1.0,14
PIM1,MTA1,PIM1_3,MTA1_2,down,decrease,0.022884676470150134,0.04854394711788785,0.025659270647737716,False,14,24,19,18,PIM1_MTA1,1.0,1.0,1.0,1.0,1.0,1.0,14
PIM1,MTA1,PIM1_3,MTA1_3,down,decrease,0.04168566516151191,0.051541370350787256,0.009855705189275345,False,14,19,19,19,PIM1_MTA1,1.0,1.0,1.0,1.0,1.0,1.0,14
PIM1,RBBP4,PIM1_1,RBBP4_1,down,decrease,0.10809683185351826,0.08629504121648077,-0.021801790637037494,True,35,30,21,21,PIM1_RBBP4,1.0,0.754992950631477,1.0,1.0,0.754992950631477,0.9387482376578693,21
PIM1,RBBP4,PIM1_1,RBBP4_2,down,decrease,0.11500534837653055,0.061231236104520775,-0.053774112272009775,True,35,23,21,17,PIM1_RBBP4,1.0,1.0,1.0,1.0,1.0,1.0,17
PIM1,RBBP4,PIM1_1,RBBP4_3,down,decrease,0.10905130450723934,0.08012322117783476,-0.02892808332940458,True,35,19,21,20,PIM1_RBBP4,1.0,0.8100015332750614,1.0,0.7560389353377073,0.7560389353377073,0.8915101171531921,19
PIM1,RBBP4,PIM1_2,RBBP4_1,down,decrease,0.08711244054746536,0.05209482923562411,-0.03501761131184125,True,22,30,16,21,PIM1_RBBP4,1.0,0.754992950631477,1.0,1.0,0.754992950631477,0.9387482376578693,16
PIM1,RBBP4,PIM1_2,RBBP4_2,down,decrease,0.12176775764134108,0.056171153763181825,-0.06559660387815926,True,22,23,16,17,PIM1_RBBP4,1.0,1.0,1.0,1.0,1.0,1.0,16
PIM1,RBBP4,PIM1_2,RBBP4_3,down,decrease,0.05987581553868312,0.1314220990502215,0.07154628351153838,False,22,19,16,20,PIM1_RBBP4,1.0,0.8100015332750614,1.0,0.7560389353377073,0.7560389353377073,0.8915101171531921,16
PIM1,RBBP4,PIM1_3,RBBP4_1,down,decrease,0.017276321148549125,0.05357744373460661,0.036301122586057485,False,14,30,19,21,PIM1_RBBP4,1.0,0.754992950631477,1.0,1.0,0.754992950631477,0.9387482376578693,14
PIM1,RBBP4,PIM1_3,RBBP4_2,down,decrease,0.09198824110903,0.08497640558941674,-0.007011835519613263,True,14,23,19,17,PIM1_RBBP4,1.0,1.0,1.0,1.0,1.0,1.0,14
PIM1,RBBP4,PIM1_3,RBBP4_3,down,decrease,0.04167814590931685,0.03890825455280324,-0.002769891356513614,True,14,19,19,20,PIM1_RBBP4,1.0,0.8100015332750614,1.0,0.7560389353377073,0.7560389353377073,0.8915101171531921,14
PPP1CA,HMGN1,PPP1CA_1,HMGN1_1,up,increase,0.1242125454626995,0.10532859406285221,-0.01888395139984729,False,38,29,26,27,PPP1CA_HMGN1,0.5762195642823704,0.7851266347175755,0.47027870835320185,0.6557251545532456,0.47027870835320185,0.6218375154765984,26
PPP1CA,HMGN1,PPP1CA_1,HMGN1_2,up,increase,0.09629123650993318,0.12169496343527204,0.025403726925338863,True,38,19,26,31,PPP1CA_HMGN1,0.5762195642823704,0.6156659922013563,0.47027870835320185,0.5462541124358578,0.47027870835320185,0.5521045943181966,19
PPP1CA,HMGN1,PPP1CA_1,HMGN1_3,up,increase,0.11629986194187093,0.0849548796016156,-0.03134498234025533,False,38,27,26,21,PPP1CA_HMGN1,0.5762195642823704,0.788892519788298,0.47027870835320185,0.6833907847855245,0.47027870835320185,0.6296953943023487,21
PPP1CA,HMGN1,PPP1CA_2,HMGN1_1,up,increase,0.07299819819064567,0.08185993407089068,0.008861735880245011,True,26,29,16,27,PPP1CA_HMGN1,0.9664264342316202,0.7851266347175755,0.9422393709634518,0.6557251545532456,0.6557251545532456,0.8373793986164733,16
PPP1CA,HMGN1,PPP1CA_2,HMGN1_2,up,increase,0.07057289228375972,0.09043195573559419,0.01985906345183447,True,26,19,16,31,PPP1CA_HMGN1,0.9664264342316202,0.6156659922013563,0.9422393709634518,0.5462541124358578,0.5462541124358578,0.7676464774580715,16
PPP1CA,HMGN1,PPP1CA_2,HMGN1_3,up,increase,0.056766334613692036,0.06237306135346579,0.0056067267397737555,True,26,27,16,21,PPP1CA_HMGN1,0.9664264342316202,0.788892519788298,0.9422393709634518,0.6833907847855245,0.6833907847855245,0.8452372774422237,16
PPP1CA,HMGN1,PPP1CA_3,HMGN1_1,up,increase,0.0645513437964371,0.052704012123418756,-0.011847331673018338,False,22,29,15,27,PPP1CA_HMGN1,1.0,0.7851266347175755,0.8711175212349608,0.6557251545532456,0.6557251545532456,0.8279923276264455,15
PPP1CA,HMGN1,PPP1CA_3,HMGN1_2,up,increase,0.04381618258986465,0.07499102582277886,0.03117484323291421,True,22,19,15,31,PPP1CA_HMGN1,1.0,0.6156659922013563,0.8711175212349608,0.5462541124358578,0.5462541124358578,0.7582594064680437,15
PPP1CA,HMGN1,PPP1CA_3,HMGN1_3,up,increase,0.038304657730899104,0.0647920797964977,0.0264874220655986,True,22,27,15,21,PPP1CA_HMGN1,1.0,0.788892519788298,0.8711175212349608,0.6833907847855245,0.6833907847855245,0.8358502064521958,15
PPP1CA,PARP1,PPP1CA_1,PARP1_1,up,increase,0.12105558925338766,0.06700186680610455,-0.05405372244728311,False,38,25,26,17,PPP1CA_PARP1,0.5762195642823704,0.8375988686416537,0.47027870835320185,0.8769400250644963,0.47027870835320185,0.6902592915854306,17
PPP1CA,PARP1,PPP1CA_1,PARP1_2,up,increase,0.09489459563036555,0.11177322632115172,0.01687863069078617,True,38,16,26,15,PPP1CA_PARP1,0.5762195642823704,1.0,0.47027870835320185,1.0,0.47027870835320185,0.7616245681588931,15
PPP1CA,PARP1,PPP1CA_1,PARP1_3,up,increase,0.06409356776882594,0.08248372493285187,0.018390157164025936,True,38,35,26,31,PPP1CA_PARP1,0.5762195642823704,1.0,0.47027870835320185,0.7649371621978472,0.47027870835320185,0.702858858708355,26
PPP1CA,PARP1,PPP1CA_2,PARP1_1,up,increase,0.05942871955733763,0.0682008826409628,0.008772163083625169,True,26,25,16,17,PPP1CA_PARP1,0.9664264342316202,0.8375988686416537,0.9422393709634518,0.8769400250644963,0.8375988686416537,0.9058011747253054,16
PPP1CA,PARP1,PPP1CA_2,PARP1_2,up,increase,0.06200865010043956,0.08797336521140049,0.025964715110960934,True,26,16,16,15,PPP1CA_PARP1,0.9664264342316202,1.0,0.9422393709634518,1.0,0.9422393709634518,0.977166451298768,15
PPP1CA,PARP1,PPP1CA_2,PARP1_3,up,increase,0.07143161115904391,0.0825363723241013,0.011104761165057389,True,26,35,16,31,PPP1CA_PARP1,0.9664264342316202,1.0,0.9422393709634518,0.7649371621978472,0.7649371621978472,0.9184007418482298,16
PPP1CA,PARP1,PPP1CA_3,PARP1_1,up,increase,0.06134318567829408,0.0758280431059377,0.014484857427643619,True,22,25,15,17,PPP1CA_PARP1,1.0,0.8375988686416537,0.8711175212349608,0.8769400250644963,0.8375988686416537,0.8964141037352777,15
PPP1CA,PARP1,PPP1CA_3,PARP1_2,up,increase,0.006854283307301091,0.04497825408982634,0.03812397078252525,True,22,16,15,15,PPP1CA_PARP1,1.0,1.0,0.8711175212349608,1.0,0.8711175212349608,0.9677793803087402,15
PPP1CA,PARP1,PPP1CA_3,PARP1_3,up,increase,0.052213622222910885,0.09197768553879047,0.03976406331587959,True,22,35,15,31,PPP1CA_PARP1,1.0,1.0,0.8711175212349608,0.7649371621978472,0.7649371621978472,0.9090136708582021,15
PPP1CA,PPP1R13L,PPP1CA_1,PPP1R13L_1,up,increase,0.11200075017852731,0.11514132922925326,0.003140579050725942,True,38,21,26,18,PPP1CA_PPP1R13L,0.5762195642823704,1.0,0.47027870835320185,1.0,0.47027870835320185,0.7616245681588931,18
PPP1CA,PPP1R13L,PPP1CA_1,PPP1R13L_2,up,increase,0.17182122179306536,0.09710876656306106,-0.0747124552300043,False,38,30,26,32,PPP1CA_PPP1R13L,0.5762195642823704,1.0,0.47027870835320185,1.0,0.47027870835320185,0.7616245681588931,26
PPP1CA,PPP1R13L,PPP1CA_1,PPP1R13L_3,up,increase,0.1273716598720102,0.012758080961067867,-0.11461357891094234,False,38,27,26,19,PPP1CA_PPP1R13L,0.5762195642823704,1.0,0.47027870835320185,1.0,0.47027870835320185,0.7616245681588931,19
PPP1CA,PPP1R13L,PPP1CA_2,PPP1R13L_1,up,increase,0.058940616793015016,0.08282329637411437,0.023882679581099353,True,26,21,16,18,PPP1CA_PPP1R13L,0.9664264342316202,1.0,0.9422393709634518,1.0,0.9422393709634518,0.977166451298768,16
PPP1CA,PPP1R13L,PPP1CA_2,PPP1R13L_2,up,increase,0.10958752415626931,0.08759928627070561,-0.0219882378855637,False,26,30,16,32,PPP1CA_PPP1R13L,0.9664264342316202,1.0,0.9422393709634518,1.0,0.9422393709634518,0.977166451298768,16
PPP1CA,PPP1R13L,PPP1CA_2,PPP1R13L_3,up,increase,0.058024096510581845,0.0871585483742802,0.02913445186369836,True,26,27,16,19,PPP1CA_PPP1R13L,0.9664264342316202,1.0,0.9422393709634518,1.0,0.9422393709634518,0.977166451298768,16
PPP1CA,PPP1R13L,PPP1CA_3,PPP1R13L_1,up,increase,0.042254224052576485,0.057872099830370685,0.0156178757777942,True,22,21,15,18,PPP1CA_PPP1R13L,1.0,1.0,0.8711175212349608,1.0,0.8711175212349608,0.9677793803087402,15
PPP1CA,PPP1R13L,PPP1CA_3,PPP1R13L_2,up,increase,0.0654740678817414,0.04183970771690218,-0.02363436016483922,False,22,30,15,32,PPP1CA_PPP1R13L,1.0,1.0,0.8711175212349608,1.0,0.8711175212349608,0.9677793803087402,15
PPP1CA,PPP1R13L,PPP1CA_3,PPP1R13L_3,up,increase,0.03862569221725943,0.04851106619536224,0.00988537397810281,True,22,27,15,19,PPP1CA_PPP1R13L,1.0,1.0,0.8711175212349608,1.0,0.8711175212349608,0.9677793803087402,15
PPP1CA,RIF1,PPP1CA_1,RIF1_1,down,decrease,0.12109350891587191,0.03501367737747491,-0.08607983153839699,True,38,23,26,20,PPP1CA_RIF1,0.5762195642823704,0.8112954177607195,0.47027870835320185,0.6058438214761357,0.47027870835320185,0.6159093779681069,20
PPP1CA,RIF1,PPP1CA_1,RIF1_3,down,decrease,0.015506747633825573,0.09978249475242781,0.08427574711860224,False,38,15,26,9,PPP1CA_RIF1,0.5762195642823704,0.7986666778618394,0.47027870835320185,1.0,0.47027870835320185,0.711291237624353,9
PPP1CA,RIF1,PPP1CA_2,RIF1_1,down,decrease,0.03576080587399738,0.07126406309864632,0.035503257224648935,False,26,23,16,20,PPP1CA_RIF1,0.9664264342316202,0.8112954177607195,0.9422393709634518,0.6058438214761357,0.6058438214761357,0.8314512611079817,16
PPP1CA,RIF1,PPP1CA_2,RIF1_3,down,decrease,0.032621369406514236,0.029806074843300084,-0.002815294563214152,True,26,15,16,9,PPP1CA_RIF1,0.9664264342316202,0.7986666778618394,0.9422393709634518,1.0,0.7986666778618394,0.9268331207642279,9
PPP1CA,RIF1,PPP1CA_3,RIF1_1,down,decrease,0.0812406752527421,0.043976302637369326,-0.03726437261537278,True,22,23,15,20,PPP1CA_RIF1,1.0,0.8112954177607195,0.8711175212349608,0.6058438214761357,0.6058438214761357,0.822064190117954,15
PPP1CA,RIF1,PPP1CA_3,RIF1_3,down,decrease,0.016711244733105562,0.09999916092180611,0.08328791618870054,False,22,15,15,9,PPP1CA_RIF1,1.0,0.7986666778618394,0.8711175212349608,1.0,0.7986666778618394,0.9174460497742001,9
PPP1CA,TP53BP2,PPP1CA_1,TP53BP2_1,up,increase,0.10185174900987258,0.07456258721391167,-0.027289161795960915,False,38,24,26,16,PPP1CA_TP53BP2,0.5762195642823704,0.8627471846770325,0.47027870835320185,0.635031504536244,0.47027870835320185,0.6360692404622121,16
PPP1CA,TP53BP2,PPP1CA_1,TP53BP2_2,up,increase,0.04736155115005268,0.10763009734768639,0.06026854619763371,True,38,16,26,13,PPP1CA_TP53BP2,0.5762195642823704,0.5136752655533634,0.47027870835320185,0.5997883860639981,0.47027870835320185,0.5399904810632334,13
PPP1CA,TP53BP2,PPP1CA_1,TP53BP2_3,up,increase,0.13290044781361998,0.11956606486888963,-0.013334382944730355,False,38,29,26,19,PPP1CA_TP53BP2,0.5762195642823704,0.5557007356312371,0.47027870835320185,0.5821667574689975,0.47027870835320185,0.5460914414339517,19
PPP1CA,TP53BP2,PPP1CA_2,TP53BP2_1,up,increase,0.04018825216894368,0.031075715600880627,-0.009112536568063052,False,26,24,16,16,PPP1CA_TP53BP2,0.9664264342316202,0.8627471846770325,0.9422393709634518,0.635031504536244,0.635031504536244,0.8516111236020871,16
PPP1CA,TP53BP2,PPP1CA_2,TP53BP2_2,up,increase,0.05419290237098797,0.04470285627342121,-0.009490046097566762,False,26,16,16,13,PPP1CA_TP53BP2,0.9664264342316202,0.5136752655533634,0.9422393709634518,0.5997883860639981,0.5136752655533634,0.7555323642031084,13
PPP1CA,TP53BP2,PPP1CA_2,TP53BP2_3,up,increase,0.06840514083181709,0.07412466279837521,0.0057195219665581165,True,26,29,16,19,PPP1CA_TP53BP2,0.9664264342316202,0.5557007356312371,0.9422393709634518,0.5821667574689975,0.5557007356312371,0.7616333245738267,16
PPP1CA,TP53BP2,PPP1CA_3,TP53BP2_1,up,increase,0.048460502523797695,0.10540501958026248,0.056944517056464784,True,22,24,15,16,PPP1CA_TP53BP2,1.0,0.8627471846770325,0.8711175212349608,0.635031504536244,0.635031504536244,0.8422240526120593,15
PPP1CA,TP53BP2,PPP1CA_3,TP53BP2_2,up,increase,0.011547566101888656,0.05160800837151603,0.04006044226962738,True,22,16,15,13,PPP1CA_TP53BP2,1.0,0.5136752655533634,0.8711175212349608,0.5997883860639981,0.5136752655533634,0.7461452932130805,13
PPP1CA,TP53BP2,PPP1CA_3,TP53BP2_3,up,increase,0.09074819562655263,0.04370961393921771,-0.04703858168733492,False,22,29,15,19,PPP1CA_TP53BP2,1.0,0.5557007356312371,0.8711175212349608,0.5821667574689975,0.5557007356312371,0.7522462535837988,15
PPP1CC,EPPK1,PPP1CC_1,EPPK1_1,up,increase,0.017823494898859368,0.09624706118166423,0.07842356628280486,True,29,25,27,21,PPP1CC_EPPK1,0.8400807064620653,1.0,0.8549781754664242,1.0,0.8400807064620653,0.9237647204821223,21
PPP1CC,EPPK1,PPP1CC_1,EPPK1_2,up,increase,0.11375021803715339,0.08410682588811928,-0.02964339214903411,False,29,24,27,23,PPP1CC_EPPK1,0.8400807064620653,1.0,0.8549781754664242,1.0,0.8400807064620653,0.9237647204821223,23
PPP1CC,EPPK1,PPP1CC_1,EPPK1_3,up,increase,0.04292096034063367,0.08211886950353482,0.039197909162901154,True,29,29,27,17,PPP1CC_EPPK1,0.8400807064620653,1.0,0.8549781754664242,1.0,0.8400807064620653,0.9237647204821223,17
PPP1CC,EPPK1,PPP1CC_2,EPPK1_1,up,increase,0.09762207124458162,0.025537825290793736,-0.07208424595378789,False,30,25,21,21,PPP1CC_EPPK1,1.0,1.0,1.0,1.0,1.0,1.0,21
PPP1CC,EPPK1,PPP1CC_2,EPPK1_2,up,increase,0.0966366419550513,0.0776576385902602,-0.018979003364791094,False,30,24,21,23,PPP1CC_EPPK1,1.0,1.0,1.0,1.0,1.0,1.0,21
PPP1CC,EPPK1,PPP1CC_2,EPPK1_3,up,increase,0.058528018805632284,0.024180555743430292,-0.03434746306220199,False,30,29,21,17,PPP1CC_EPPK1,1.0,1.0,1.0,1.0,1.0,1.0,17
PPP1CC,EPPK1,PPP1CC_3,EPPK1_1,up,increase,-0.002216175039443401,0.12988413500627607,0.13210031004571948,True,14,25,22,21,PPP1CC_EPPK1,0.9235891472078743,1.0,0.8612770750092305,1.0,0.8612770750092305,0.9462165555542762,14
PPP1CC,EPPK1,PPP1CC_3,EPPK1_2,up,increase,0.028287651598773913,0.058795437436299405,0.030507785837525492,True,14,24,22,23,PPP1CC_EPPK1,0.9235891472078743,1.0,0.8612770750092305,1.0,0.8612770750092305,0.9462165555542762,14
PPP1CC,EPPK1,PPP1CC_3,EPPK1_3,up,increase,0.03973561669606862,0.082133738296331,0.04239812160026238,True,14,29,22,17,PPP1CC_EPPK1,0.9235891472078743,1.0,0.8612770750092305,1.0,0.8612770750092305,0.9462165555542762,14
PPP1CC,GAK,PPP1CC_1,GAK_1,down,decrease,0.036063247832402966,0.040353082831684706,0.00428983499928174,False,29,14,27,9,PPP1CC_GAK,0.8400807064620653,1.0,0.8549781754664242,1.0,0.8400807064620653,0.9237647204821223,9
PPP1CC,GAK,PPP1CC_1,GAK_2,down,decrease,0.07570278155009895,0.05728489699648326,-0.01841788455361569,True,29,26,27,21,PPP1CC_GAK,0.8400807064620653,1.0,0.8549781754664242,1.0,0.8400807064620653,0.9237647204821223,21
PPP1CC,GAK,PPP1CC_1,GAK_3,down,decrease,0.061128688588125944,0.07661848328810421,0.015489794699978264,False,29,39,27,26,PPP1CC_GAK,0.8400807064620653,1.0,0.8549781754664242,1.0,0.8400807064620653,0.9237647204821223,26
PPP1CC,GAK,PPP1CC_2,GAK_1,down,decrease,0.12591061230868517,0.0003470793761481427,-0.12556353293253703,True,30,14,21,9,PPP1CC_GAK,1.0,1.0,1.0,1.0,1.0,1.0,9
PPP1CC,GAK,PPP1CC_2,GAK_2,down,decrease,0.10454954899565087,0.04909646559483705,-0.05545308340081383,True,30,26,21,21,PPP1CC_GAK,1.0,1.0,1.0,1.0,1.0,1.0,21
PPP1CC,GAK,PPP1CC_2,GAK_3,down,decrease,0.08423171478492181,0.08791039119514582,0.0036786764102240133,False,30,39,21,26,PPP1CC_GAK,1.0,1.0,1.0,1.0,1.0,1.0,21
PPP1CC,GAK,PPP1CC_3,GAK_1,down,decrease,0.03166189964962197,0.08166191177585472,0.05000001212623275,False,14,14,22,9,PPP1CC_GAK,0.9235891472078743,1.0,0.8612770750092305,1.0,0.8612770750092305,0.9462165555542762,9
PPP1CC,GAK,PPP1CC_3,GAK_2,down,decrease,0.04273281993706304,0.061497208773879306,0.01876438883681627,False,14,26,22,21,PPP1CC_GAK,0.9235891472078743,1.0,0.8612770750092305,1.0,0.8612770750092305,0.9462165555542762,14
PPP1CC,GAK,PPP1CC_3,GAK_3,down,decrease,0.07113686787425408,0.06083928862290434,-0.01029757925134974,True,14,39,22,26,PPP1CC_GAK,0.9235891472078743,1.0,0.8612770750092305,1.0,0.8612770750092305,0.9462165555542762,14
PPP1CC,MCM4,PPP1CC_1,MCM4_1,insig,posctl,0.06809839217095537,0.07952788989002478,0.011429497719069412,,29,23,27,17,PPP1CC_MCM4,0.8400807064620653,0.7096458505347105,0.8549781754664242,0.640505727292916,0.640505727292916,0.761302614939029,17
PPP1CC,MCM4,PPP1CC_1,MCM4_2,insig,posctl,0.07696860037260529,0.04087614939690301,-0.03609245097570228,,29,29,27,14,PPP1CC_MCM4,0.8400807064620653,0.8986580576049381,0.8549781754664242,0.7964486369884437,0.7964486369884437,0.8475413941304678,14
PPP1CC,MCM4,PPP1CC_1,MCM4_3,insig,posctl,0.0857265006066956,0.11327281103502836,0.027546310428332763,,29,20,27,21,PPP1CC_MCM4,0.8400807064620653,0.7516705358595512,0.8549781754664242,1.0,0.7516705358595512,0.8616823544470101,20
PPP1CC,MCM4,PPP1CC_2,MCM4_1,insig,posctl,0.1041109091893545,0.059798107334407276,-0.04431280185494723,,30,23,21,17,PPP1CC_MCM4,1.0,0.7096458505347105,1.0,0.640505727292916,0.640505727292916,0.8375378944569065,17
PPP1CC,MCM4,PPP1CC_2,MCM4_2,insig,posctl,0.09099383387923736,0.04365627635814828,-0.04733755752108908,,30,29,21,14,PPP1CC_MCM4,1.0,0.8986580576049381,1.0,0.7964486369884437,0.7964486369884437,0.9237766736483454,14
PPP1CC,MCM4,PPP1CC_2,MCM4_3,insig,posctl,0.05551308861320183,0.08423012445578039,0.028717035842578557,,30,20,21,21,PPP1CC_MCM4,1.0,0.7516705358595512,1.0,1.0,0.7516705358595512,0.9379176339648878,20
PPP1CC,MCM4,PPP1CC_3,MCM4_1,insig,posctl,0.06733725022566955,0.0620151727490543,-0.005322077476615256,,14,23,22,17,PPP1CC_MCM4,0.9235891472078743,0.7096458505347105,0.8612770750092305,0.640505727292916,0.640505727292916,0.7837544500111828,14
PPP1CC,MCM4,PPP1CC_3,MCM4_2,insig,posctl,0.06684923813951626,0.06549221273532967,-0.0013570254041865987,,14,29,22,14,PPP1CC_MCM4,0.9235891472078743,0.8986580576049381,0.8612770750092305,0.7964486369884437,0.7964486369884437,0.8699932292026217,14
PPP1CC,MCM4,PPP1CC_3,MCM4_3,insig,posctl,0.013970264419113459,0.033882867615241494,0.019912603196128035,,14,20,22,21,PPP1CC_MCM4,0.9235891472078743,0.7516705358595512,0.8612770750092305,1.0,0.7516705358595512,0.884134189519164,14
PPP4C,CCDC6,PPP4C_1,CCDC6_2,up,increase,0.052250970312107715,0.11411917136902983,0.06186820105692211,True,16,30,17,31,PPP4C_CCDC6,1.0,0.618359591811418,1.0,0.6733089393106977,0.618359591811418,0.8229171327805289,16
PPP4C,CCDC6,PPP4C_1,CCDC6_3,up,increase,0.0742206000342904,0.06818164141204434,-0.006038958622246057,False,16,33,17,31,PPP4C_CCDC6,1.0,0.5566489055418924,1.0,0.70884528178902,0.5566489055418924,0.816373546832728,16
PPP4C,CCDC6,PPP4C_2,CCDC6_2,up,increase,0.0480661597087423,0.04240647772695019,-0.005659681981792106,False,34,30,11,31,PPP4C_CCDC6,1.0,0.618359591811418,0.8956651176094443,0.6733089393106977,0.618359591811418,0.79683341218289,11
PPP4C,CCDC6,PPP4C_2,CCDC6_3,up,increase,0.07532878735479843,0.0465896842664208,-0.028739103088377634,False,34,33,11,31,PPP4C_CCDC6,1.0,0.5566489055418924,0.8956651176094443,0.70884528178902,0.5566489055418924,0.7902898262350891,11
PPP4C,CCDC6,PPP4C_3,CCDC6_2,up,increase,0.045715325209228275,0.06441571351457798,0.018700388305349702,True,38,30,18,31,PPP4C_CCDC6,1.0,0.618359591811418,1.0,0.6733089393106977,0.618359591811418,0.8229171327805289,18
PPP4C,CCDC6,PPP4C_3,CCDC6_3,up,increase,0.08044474991645494,0.05605437867239457,-0.024390371244060363,False,38,33,18,31,PPP4C_CCDC6,1.0,0.5566489055418924,1.0,0.70884528178902,0.5566489055418924,0.816373546832728,18
PRMT1,CSNK2A2,PRMT1_1,CSNK2A2_1,up,increase,0.09738569162737168,0.06982888650970401,-0.02755680511766767,False,28,21,25,13,PRMT1_CSNK2A2,1.0,1.0,1.0,1.0,1.0,1.0,13
PRMT1,CSNK2A2,PRMT1_1,CSNK2A2_2,up,increase,0.10376834782239423,0.11982521687037107,0.016056869047976832,True,28,25,25,14,PRMT1_CSNK2A2,1.0,1.0,1.0,0.7354911935135517,0.7354911935135517,0.9338727983783879,14
PRMT1,CSNK2A2,PRMT1_1,CSNK2A2_3,up,increase,0.12401244771352898,0.02056586900989716,-0.10344657870363183,False,28,20,25,17,PRMT1_CSNK2A2,1.0,1.0,1.0,1.0,1.0,1.0,17
PRMT1,CSNK2A2,PRMT1_2,CSNK2A2_1,up,increase,0.024203759061996715,0.05505230610815781,0.030848547046161096,True,22,21,22,13,PRMT1_CSNK2A2,1.0,1.0,0.5093047770883943,1.0,0.5093047770883943,0.8773261942720986,13
PRMT1,CSNK2A2,PRMT1_2,CSNK2A2_2,up,increase,0.08075849186954115,0.1731724513670737,0.09241395949753256,True,22,25,22,14,PRMT1_CSNK2A2,1.0,1.0,0.5093047770883943,0.7354911935135517,0.5093047770883943,0.8111989926504866,14
PRMT1,CSNK2A2,PRMT1_2,CSNK2A2_3,up,increase,0.08584680815983574,0.04142010909882766,-0.04442669906100808,False,22,20,22,17,PRMT1_CSNK2A2,1.0,1.0,0.5093047770883943,1.0,0.5093047770883943,0.8773261942720986,17
PRMT1,CSNK2A2,PRMT1_3,CSNK2A2_1,up,increase,0.0718712537033236,0.10739020215300421,0.03551894844968061,True,22,21,24,13,PRMT1_CSNK2A2,1.0,1.0,0.7974971810039709,1.0,0.7974971810039709,0.9493742952509927,13
PRMT1,CSNK2A2,PRMT1_3,CSNK2A2_2,up,increase,0.06673456914673179,0.12970755887153182,0.06297298972480003,True,22,25,24,14,PRMT1_CSNK2A2,1.0,1.0,0.7974971810039709,0.7354911935135517,0.7354911935135517,0.8832470936293806,14
PRMT1,CSNK2A2,PRMT1_3,CSNK2A2_3,up,increase,0.08848437239508426,0.10837831534528018,0.01989394295019592,True,22,20,24,17,PRMT1_CSNK2A2,1.0,1.0,0.7974971810039709,1.0,0.7974971810039709,0.9493742952509927,17
PRMT1,MYCN,PRMT1_1,MYCN_2,gained,increase,0.07677676059339103,0.02241482063242039,-0.05436193996097064,False,28,37,25,23,PRMT1_MYCN,1.0,1.0,1.0,1.0,1.0,1.0,23
PRMT1,MYCN,PRMT1_2,MYCN_2,gained,increase,0.09907965721198048,0.10260914140087649,0.0035294841888960093,True,22,37,22,23,PRMT1_MYCN,1.0,1.0,0.5093047770883943,1.0,0.5093047770883943,0.8773261942720986,22
PRMT1,MYCN,PRMT1_3,MYCN_2,gained,increase,0.0818980337107158,0.0688260809665138,-0.013071952744202003,False,22,37,24,23,PRMT1_MYCN,1.0,1.0,0.7974971810039709,1.0,0.7974971810039709,0.9493742952509927,22
PRMT1,PRKACA,PRMT1_1,PRKACA_1,up,increase,0.07636531684442528,0.06748631694697302,-0.008878999897452264,False,28,27,25,28,PRMT1_PRKACA,1.0,1.0,1.0,1.0,1.0,1.0,25
PRMT1,PRKACA,PRMT1_1,PRKACA_2,up,increase,0.06275450346905852,0.09738930796728562,0.034634804498227104,True,28,17,25,15,PRMT1_PRKACA,1.0,1.0,1.0,0.6122819736870502,0.6122819736870502,0.9030704934217626,15
PRMT1,PRKACA,PRMT1_1,PRKACA_3,up,increase,0.08351049060831393,0.08570614705911626,0.00219565645080233,True,28,22,25,27,PRMT1_PRKACA,1.0,1.0,1.0,1.0,1.0,1.0,22
PRMT1,PRKACA,PRMT1_2,PRKACA_1,up,increase,0.015141821363786188,0.039354126034178885,0.024212304670392697,True,22,27,22,28,PRMT1_PRKACA,1.0,1.0,0.5093047770883943,1.0,0.5093047770883943,0.8773261942720986,22
PRMT1,PRKACA,PRMT1_2,PRKACA_2,up,increase,0.08004235292219959,0.057194388464658505,-0.022847964457541087,False,22,17,22,15,PRMT1_PRKACA,1.0,1.0,0.5093047770883943,0.6122819736870502,0.5093047770883943,0.7803966876938611,15
PRMT1,PRKACA,PRMT1_2,PRKACA_3,up,increase,0.08157767973271522,0.1033683591301439,0.02179067939742868,True,22,22,22,27,PRMT1_PRKACA,1.0,1.0,0.5093047770883943,1.0,0.5093047770883943,0.8773261942720986,22
PRMT1,PRKACA,PRMT1_3,PRKACA_1,up,increase,0.06149168916489889,0.10617960332070742,0.04468791415580853,True,22,27,24,28,PRMT1_PRKACA,1.0,1.0,0.7974971810039709,1.0,0.7974971810039709,0.9493742952509927,22
PRMT1,PRKACA,PRMT1_3,PRKACA_2,up,increase,0.05038088690304791,0.09830997849330513,0.04792909159025722,True,22,17,24,15,PRMT1_PRKACA,1.0,1.0,0.7974971810039709,0.6122819736870502,0.6122819736870502,0.8524447886727553,15
PRMT1,PRKACA,PRMT1_3,PRKACA_3,up,increase,0.05835145134260374,0.1567414230911778,0.09838997174857406,True,22,22,24,27,PRMT1_PRKACA,1.0,1.0,0.7974971810039709,1.0,0.7974971810039709,0.9493742952509927,22
PRMT1,S100A9,PRMT1_1,S100A9_1,up,increase,0.04359675353152744,0.04553641840171439,0.001939664870186951,True,28,16,25,24,PRMT1_S100A9,1.0,1.0,1.0,1.0,1.0,1.0,16
PRMT1,S100A9,PRMT1_1,S100A9_2,up,increase,0.06567672730545537,0.06653762663540273,0.0008608993299473594,True,28,26,25,23,PRMT1_S100A9,1.0,1.0,1.0,1.0,1.0,1.0,23
PRMT1,S100A9,PRMT1_1,S100A9_3,up,increase,0.09122211797784344,0.09718082149597457,0.005958703518131131,True,28,40,25,23,PRMT1_S100A9,1.0,1.0,1.0,1.0,1.0,1.0,23
PRMT1,S100A9,PRMT1_2,S100A9_1,up,increase,-0.000885913755349817,0.0786225820458428,0.07950849580119261,True,22,16,22,24,PRMT1_S100A9,1.0,1.0,0.5093047770883943,1.0,0.5093047770883943,0.8773261942720986,16
PRMT1,S100A9,PRMT1_2,S100A9_2,up,increase,0.02547019228094167,0.06614524040160484,0.04067504812066317,True,22,26,22,23,PRMT1_S100A9,1.0,1.0,0.5093047770883943,1.0,0.5093047770883943,0.8773261942720986,22
PRMT1,S100A9,PRMT1_2,S100A9_3,up,increase,0.044186870436366446,0.11569467333248214,0.07150780289611569,True,22,40,22,23,PRMT1_S100A9,1.0,1.0,0.5093047770883943,1.0,0.5093047770883943,0.8773261942720986,22
PRMT1,S100A9,PRMT1_3,S100A9_1,up,increase,0.011237473099634946,0.06857044990296668,0.057332976803331735,True,22,16,24,24,PRMT1_S100A9,1.0,1.0,0.7974971810039709,1.0,0.7974971810039709,0.9493742952509927,16
PRMT1,S100A9,PRMT1_3,S100A9_2,up,increase,0.040145214906963954,0.05876822601619807,0.018623011109234117,True,22,26,24,23,PRMT1_S100A9,1.0,1.0,0.7974971810039709,1.0,0.7974971810039709,0.9493742952509927,22
PRMT1,S100A9,PRMT1_3,S100A9_3,up,increase,0.08188045780199633,0.07522152074516585,-0.006658937056830488,False,22,40,24,23,PRMT1_S100A9,1.0,1.0,0.7974971810039709,1.0,0.7974971810039709,0.9493742952509927,22
PRMT1,STRBP,PRMT1_1,STRBP_1,up,increase,0.06288843171328602,0.07942537305366286,0.016536941340376837,True,28,20,25,23,PRMT1_STRBP,1.0,1.0,1.0,1.0,1.0,1.0,20
PRMT1,STRBP,PRMT1_1,STRBP_2,up,increase,0.06689229816460941,0.07570073377768603,0.00880843561307662,True,28,24,25,16,PRMT1_STRBP,1.0,1.0,1.0,0.9056879488423109,0.9056879488423109,0.9764219872105777,16
PRMT1,STRBP,PRMT1_1,STRBP_3,up,increase,0.03460996913078447,0.08739474691951239,0.05278477778872792,True,28,7,25,11,PRMT1_STRBP,1.0,1.0,1.0,1.0,1.0,1.0,7
PRMT1,STRBP,PRMT1_2,STRBP_1,up,increase,0.05810851630429777,0.07063936447971993,0.012530848175422153,True,22,20,22,23,PRMT1_STRBP,1.0,1.0,0.5093047770883943,1.0,0.5093047770883943,0.8773261942720986,20
PRMT1,STRBP,PRMT1_2,STRBP_2,up,increase,0.04286662530601136,0.10088353302455133,0.05801690771853997,True,22,24,22,16,PRMT1_STRBP,1.0,1.0,0.5093047770883943,0.9056879488423109,0.5093047770883943,0.8537481814826763,16
PRMT1,STRBP,PRMT1_2,STRBP_3,up,increase,0.01109111077676076,0.05918708802034219,0.04809597724358143,True,22,7,22,11,PRMT1_STRBP,1.0,1.0,0.5093047770883943,1.0,0.5093047770883943,0.8773261942720986,7
PRMT1,STRBP,PRMT1_3,STRBP_1,up,increase,0.04748375579575908,0.14399380494994676,0.09651004915418768,True,22,20,24,23,PRMT1_STRBP,1.0,1.0,0.7974971810039709,1.0,0.7974971810039709,0.9493742952509927,20
PRMT1,STRBP,PRMT1_3,STRBP_2,up,increase,0.11335133893335853,0.12887753969647736,0.015526200763118836,True,22,24,24,16,PRMT1_STRBP,1.0,1.0,0.7974971810039709,0.9056879488423109,0.7974971810039709,0.9257962824615704,16
PRMT1,STRBP,PRMT1_3,STRBP_3,up,increase,0.04277748938038019,0.11417528886707012,0.07139779948668994,True,22,7,24,11,PRMT1_STRBP,1.0,1.0,0.7974971810039709,1.0,0.7974971810039709,0.9493742952509927,7
PRMT1,ZNF706,PRMT1_1,ZNF706_1,gained,increase,0.09798474961276137,0.09430118427396476,-0.0036835653387966016,False,28,30,25,34,PRMT1_ZNF706,1.0,0.6537377600795988,1.0,0.72574276396192,0.6537377600795988,0.8448701310103797,25
PRMT1,ZNF706,PRMT1_1,ZNF706_2,gained,increase,0.01979361336739799,0.035037674027886476,0.015244060660488487,True,28,14,25,16,PRMT1_ZNF706,1.0,0.6628323777333311,1.0,0.8483894436719268,0.6628323777333311,0.8778054553513145,14
PRMT1,ZNF706,PRMT1_1,ZNF706_3,gained,increase,0.10840678695842719,0.08289848063224778,-0.02550830632617941,False,28,32,25,14,PRMT1_ZNF706,1.0,0.4668802801023723,1.0,0.7805457300483232,0.4668802801023723,0.8118565025376738,14
PRMT1,ZNF706,PRMT1_2,ZNF706_1,gained,increase,0.09987090731424778,0.10131655162374172,0.0014456443094939403,True,22,30,22,34,PRMT1_ZNF706,1.0,0.6537377600795988,0.5093047770883943,0.72574276396192,0.5093047770883943,0.7221963252824782,22
PRMT1,ZNF706,PRMT1_2,ZNF706_2,gained,increase,-0.016338231441144074,0.07880503250707885,0.09514326394822292,True,22,14,22,16,PRMT1_ZNF706,1.0,0.6628323777333311,0.5093047770883943,0.8483894436719268,0.5093047770883943,0.7551316496234131,14
PRMT1,ZNF706,PRMT1_2,ZNF706_3,gained,increase,0.0018058173241623043,0.07430330909716153,0.07249749177299922,True,22,32,22,14,PRMT1_ZNF706,1.0,0.4668802801023723,0.5093047770883943,0.7805457300483232,0.4668802801023723,0.6891826968097725,14
PRMT1,ZNF706,PRMT1_3,ZNF706_1,gained,increase,0.07957711887263914,0.0807890337433138,0.0012119148706746519,True,22,30,24,34,PRMT1_ZNF706,1.0,0.6537377600795988,0.7974971810039709,0.72574276396192,0.6537377600795988,0.7942444262613724,22
PRMT1,ZNF706,PRMT1_3,ZNF706_2,gained,increase,0.008115963852235543,0.09800278829149285,0.0898868244392573,True,22,14,24,16,PRMT1_ZNF706,1.0,0.6628323777333311,0.7974971810039709,0.8483894436719268,0.6628323777333311,0.8271797506023072,14
PRMT1,ZNF706,PRMT1_3,ZNF706_3,gained,increase,0.05302370797299965,0.03311627664072679,-0.01990743133227286,False,22,32,24,14,PRMT1_ZNF706,1.0,0.4668802801023723,0.7974971810039709,0.7805457300483232,0.4668802801023723,0.7612307977886666,14
SIRT2,TUBB2B,SIRT2_1,TUBB2B_1,gained,increase,0.025264984790024557,0.11081339887266753,0.08554841408264297,True,21,14,24,25,SIRT2_TUBB2B,1.0,1.0,1.0,1.0,1.0,1.0,14
SIRT2,TUBB2B,SIRT2_1,TUBB2B_2,gained,increase,0.07607558883392541,0.06938738504065604,-0.0066882037932693705,False,21,24,24,16,SIRT2_TUBB2B,1.0,1.0,1.0,1.0,1.0,1.0,16
SIRT2,TUBB2B,SIRT2_1,TUBB2B_3,gained,increase,0.0011270583943031429,0.07081265578286455,0.06968559738856141,True,21,31,24,13,SIRT2_TUBB2B,1.0,1.0,1.0,1.0,1.0,1.0,13
SIRT2,TUBB2B,SIRT2_2,TUBB2B_1,gained,increase,0.04489406973985323,0.10361114625930973,0.0587170765194565,True,22,14,20,25,SIRT2_TUBB2B,1.0,1.0,1.0,1.0,1.0,1.0,14
SIRT2,TUBB2B,SIRT2_2,TUBB2B_2,gained,increase,0.05069890751079653,0.07002452279034933,0.019325615279552802,True,22,24,20,16,SIRT2_TUBB2B,1.0,1.0,1.0,1.0,1.0,1.0,16
SIRT2,TUBB2B,SIRT2_2,TUBB2B_3,gained,increase,0.08264445290055734,0.051191419633273345,-0.031453033267284,False,22,31,20,13,SIRT2_TUBB2B,1.0,1.0,1.0,1.0,1.0,1.0,13
SIRT2,TUBB2B,SIRT2_3,TUBB2B_1,gained,increase,0.06675374178181367,0.1004612507269788,0.033707508945165124,True,22,14,18,25,SIRT2_TUBB2B,1.0,1.0,1.0,1.0,1.0,1.0,14
SIRT2,TUBB2B,SIRT2_3,TUBB2B_2,gained,increase,0.09408971190600043,0.09592909356396778,0.0018393816579673483,True,22,24,18,16,SIRT2_TUBB2B,1.0,1.0,1.0,1.0,1.0,1.0,16
SIRT2,TUBB2B,SIRT2_3,TUBB2B_3,gained,increase,0.12110126714339259,0.022433721368952393,-0.0986675457744402,False,22,31,18,13,SIRT2_TUBB2B,1.0,1.0,1.0,1.0,1.0,1.0,13
SMARCA4,AP2M1,SMARCA4_1,AP2M1_1,up,increase,0.04300587401367605,0.099854499762917,0.056848625749240954,True,28,39,13,28,SMARCA4_AP2M1,0.6210376061848646,1.0,0.709870542228283,1.0,0.6210376061848646,0.8327270371032869,13
SMARCA4,AP2M1,SMARCA4_1,AP2M1_2,up,increase,0.05584030356119258,0.06790424606370994,0.012063942502517362,True,28,29,13,23,SMARCA4_AP2M1,0.6210376061848646,1.0,0.709870542228283,1.0,0.6210376061848646,0.8327270371032869,13
SMARCA4,AP2M1,SMARCA4_1,AP2M1_3,up,increase,0.14348560334716406,0.08192976623616537,-0.0615558371109987,False,28,28,13,22,SMARCA4_AP2M1,0.6210376061848646,1.0,0.709870542228283,1.0,0.6210376061848646,0.8327270371032869,13
SMARCA4,AP2M1,SMARCA4_2,AP2M1_1,up,increase,0.14615738287815933,0.11889167654874874,-0.027265706329410583,False,29,39,14,28,SMARCA4_AP2M1,0.4579219283853063,1.0,0.5252558460539312,1.0,0.4579219283853063,0.7457944436098094,14
SMARCA4,AP2M1,SMARCA4_2,AP2M1_2,up,increase,0.12278978789134079,0.07018792250868106,-0.052601865382659735,False,29,29,14,23,SMARCA4_AP2M1,0.4579219283853063,1.0,0.5252558460539312,1.0,0.4579219283853063,0.7457944436098094,14
SMARCA4,AP2M1,SMARCA4_2,AP2M1_3,up,increase,0.03645024344683986,0.04436834564666715,0.00791810219982729,True,29,28,14,22,SMARCA4_AP2M1,0.4579219283853063,1.0,0.5252558460539312,1.0,0.4579219283853063,0.7457944436098094,14
SMARCA4,AP2M1,SMARCA4_3,AP2M1_1,up,increase,0.08386834178517487,0.14180177725382237,0.0579334354686475,True,37,39,24,28,SMARCA4_AP2M1,0.4849307430783999,1.0,0.7697045653044083,1.0,0.4849307430783999,0.8136588270957021,24
SMARCA4,AP2M1,SMARCA4_3,AP2M1_2,up,increase,0.07851222821715788,0.08035455788040743,0.0018423296632495562,True,37,29,24,23,SMARCA4_AP2M1,0.4849307430783999,1.0,0.7697045653044083,1.0,0.4849307430783999,0.8136588270957021,23
SMARCA4,AP2M1,SMARCA4_3,AP2M1_3,up,increase,0.1045002787555515,0.07381824533803623,-0.03068203341751527,False,37,28,24,22,SMARCA4_AP2M1,0.4849307430783999,1.0,0.7697045653044083,1.0,0.4849307430783999,0.8136588270957021,22
SMARCA4,DPF2,SMARCA4_1,DPF2_1,down,decrease,0.09441762650028254,0.0017393326016967693,-0.09267829389858577,True,28,17,13,25,SMARCA4_DPF2,0.6210376061848646,1.0,0.709870542228283,1.0,0.6210376061848646,0.8327270371032869,13
SMARCA4,DPF2,SMARCA4_1,DPF2_2,down,decrease,0.055158833027878426,0.10220751365091299,0.047048680623034564,False,28,33,13,19,SMARCA4_DPF2,0.6210376061848646,1.0,0.709870542228283,1.0,0.6210376061848646,0.8327270371032869,13
SMARCA4,DPF2,SMARCA4_1,DPF2_3,down,decrease,0.11629909359146293,0.10998779780024484,-0.006311295791218086,True,28,35,13,26,SMARCA4_DPF2,0.6210376061848646,1.0,0.709870542228283,1.0,0.6210376061848646,0.8327270371032869,13
SMARCA4,DPF2,SMARCA4_2,DPF2_1,down,decrease,0.024710026651934384,0.02657094748719279,0.0018609208352584061,False,29,17,14,25,SMARCA4_DPF2,0.4579219283853063,1.0,0.5252558460539312,1.0,0.4579219283853063,0.7457944436098094,14
SMARCA4,DPF2,SMARCA4_2,DPF2_2,down,decrease,0.1264739776991583,0.08393926380634219,-0.042534713892816114,True,29,33,14,19,SMARCA4_DPF2,0.4579219283853063,1.0,0.5252558460539312,1.0,0.4579219283853063,0.7457944436098094,14
SMARCA4,DPF2,SMARCA4_2,DPF2_3,down,decrease,0.07697712928769943,0.05527855372948965,-0.021698575558209775,True,29,35,14,26,SMARCA4_DPF2,0.4579219283853063,1.0,0.5252558460539312,1.0,0.4579219283853063,0.7457944436098094,14
SMARCA4,DPF2,SMARCA4_3,DPF2_1,down,decrease,0.08851039978887167,0.11550842812262943,0.026998028333757765,False,37,17,24,25,SMARCA4_DPF2,0.4849307430783999,1.0,0.7697045653044083,1.0,0.4849307430783999,0.8136588270957021,17
SMARCA4,DPF2,SMARCA4_3,DPF2_2,down,decrease,0.06388214081486061,0.10670834927378105,0.042826208458920434,False,37,33,24,19,SMARCA4_DPF2,0.4849307430783999,1.0,0.7697045653044083,1.0,0.4849307430783999,0.8136588270957021,19
SMARCA4,DPF2,SMARCA4_3,DPF2_3,down,decrease,0.13530803604587538,0.01776664023263362,-0.11754139581324176,True,37,35,24,26,SMARCA4_DPF2,0.4849307430783999,1.0,0.7697045653044083,1.0,0.4849307430783999,0.8136588270957021,24
SMARCA4,GNAI2,SMARCA4_1,GNAI2_1,up,increase,0.054026035005405655,0.10258210617140698,0.04855607116600132,True,28,23,13,29,SMARCA4_GNAI2,0.6210376061848646,1.0,0.709870542228283,1.0,0.6210376061848646,0.8327270371032869,13
SMARCA4,GNAI2,SMARCA4_1,GNAI2_2,up,increase,0.08768032058583282,0.07774160454559367,-0.009938716040239146,False,28,29,13,18,SMARCA4_GNAI2,0.6210376061848646,1.0,0.709870542228283,1.0,0.6210376061848646,0.8327270371032869,13
SMARCA4,GNAI2,SMARCA4_1,GNAI2_3,up,increase,0.07827606658732496,0.06967893634202013,-0.008597130245304827,False,28,22,13,10,SMARCA4_GNAI2,0.6210376061848646,1.0,0.709870542228283,1.0,0.6210376061848646,0.8327270371032869,10
SMARCA4,GNAI2,SMARCA4_2,GNAI2_1,up,increase,0.08124722382670328,0.022022274499244834,-0.05922494932745845,False,29,23,14,29,SMARCA4_GNAI2,0.4579219283853063,1.0,0.5252558460539312,1.0,0.4579219283853063,0.7457944436098094,14
SMARCA4,GNAI2,SMARCA4_2,GNAI2_2,up,increase,0.11523651851086068,0.009496996493322075,-0.10573952201753861,False,29,29,14,18,SMARCA4_GNAI2,0.4579219283853063,1.0,0.5252558460539312,1.0,0.4579219283853063,0.7457944436098094,14
SMARCA4,GNAI2,SMARCA4_2,GNAI2_3,up,increase,0.0657521880206167,0.030073543208080738,-0.035678644812535965,False,29,22,14,10,SMARCA4_GNAI2,0.4579219283853063,1.0,0.5252558460539312,1.0,0.4579219283853063,0.7457944436098094,10
SMARCA4,GNAI2,SMARCA4_3,GNAI2_1,up,increase,0.10664001313218663,0.1357329155172348,0.029092902385048164,True,37,23,24,29,SMARCA4_GNAI2,0.4849307430783999,1.0,0.7697045653044083,1.0,0.4849307430783999,0.8136588270957021,23
SMARCA4,GNAI2,SMARCA4_3,GNAI2_2,up,increase,0.13224853882385612,0.083406419776107,-0.04884211904774913,False,37,29,24,18,SMARCA4_GNAI2,0.4849307430783999,1.0,0.7697045653044083,1.0,0.4849307430783999,0.8136588270957021,18
SMARCA4,GNAI2,SMARCA4_3,GNAI2_3,up,increase,0.10273346356921403,0.020897094809153582,-0.08183636876006045,False,37,22,24,10,SMARCA4_GNAI2,0.4849307430783999,1.0,0.7697045653044083,1.0,0.4849307430783999,0.8136588270957021,10
SMARCA4,BCL7B,SMARCA4_1,BCL7B_1,insig,posctl,0.05132472817035417,0.07007289034383578,0.01874816217348161,,28,28,13,13,SMARCA4_BCL7B,0.6210376061848646,1.0,0.709870542228283,1.0,0.6210376061848646,0.8327270371032869,13
SMARCA4,BCL7B,SMARCA4_2,BCL7B_1,insig,posctl,0.07749855451123401,0.07873185121416613,0.001233296702932124,,29,28,14,13,SMARCA4_BCL7B,0.4579219283853063,1.0,0.5252558460539312,1.0,0.4579219283853063,0.7457944436098094,13
SMARCA4,BCL7B,SMARCA4_3,BCL7B_1,insig,posctl,0.09851092375755896,0.11266994691768856,0.014159023160129597,,37,28,24,13,SMARCA4_BCL7B,0.4849307430783999,1.0,0.7697045653044083,1.0,0.4849307430783999,0.8136588270957021,13
USP7,DNMT1,USP7_2,DNMT1_1,insig,posctl,0.012453618240597373,0.07713604481967475,0.06468242657907737,,11,21,18,18,USP7_DNMT1,0.5677868452731227,0.7165905549058131,0.7834780098577064,0.5151215606823083,0.5151215606823083,0.6457442426797376,11
USP7,DNMT1,USP7_2,DNMT1_2,insig,posctl,-0.017620683210740725,0.09126937786421524,0.10889006107495597,,11,33,18,24,USP7_DNMT1,0.5677868452731227,0.9091880936557732,0.7834780098577064,0.7553160438611761,0.5677868452731227,0.7539422481619447,11
USP7,DNMT1,USP7_2,DNMT1_3,insig,posctl,0.018165151961295815,0.10807113377043567,0.08990598180913986,,11,28,18,18,USP7_DNMT1,0.5677868452731227,0.8652959536364455,0.7834780098577064,0.7554008361023559,0.5677868452731227,0.7429904112174077,11
USP7,DNMT1,USP7_3,DNMT1_1,insig,posctl,0.06737104959973739,0.10020219673696874,0.032831147137231356,,20,21,15,18,USP7_DNMT1,0.555586937043527,0.7165905549058131,1.0,0.5151215606823083,0.5151215606823083,0.6968247631579121,15
USP7,DNMT1,USP7_3,DNMT1_2,insig,posctl,0.05327576410903264,0.06069011242592254,0.007414348316889897,,20,33,15,24,USP7_DNMT1,0.555586937043527,0.9091880936557732,1.0,0.7553160438611761,0.555586937043527,0.8050227686401191,15
USP7,DNMT1,USP7_3,DNMT1_3,insig,posctl,0.05674057715734897,0.0579211759276563,0.0011805987703073298,,20,28,15,18,USP7_DNMT1,0.555586937043527,0.8652959536364455,1.0,0.7554008361023559,0.555586937043527,0.7940709316955821,15
YWHAE,CAMSAP3,YWHAE_1,CAMSAP3_1,up,increase,0.12958043516391057,0.06869453897869697,-0.0608858961852136,False,17,22,25,26,YWHAE_CAMSAP3,1.0,1.0,1.0,1.0,1.0,1.0,17
YWHAE,CAMSAP3,YWHAE_1,CAMSAP3_2,up,increase,0.08315095096372425,0.10757800739215964,0.024427056428435387,True,17,27,25,24,YWHAE_CAMSAP3,1.0,1.0,1.0,1.0,1.0,1.0,17
YWHAE,CAMSAP3,YWHAE_1,CAMSAP3_3,up,increase,0.04817809686146325,0.11801158144791052,0.06983348458644727,True,17,24,25,17,YWHAE_CAMSAP3,1.0,1.0,1.0,1.0,1.0,1.0,17
YWHAE,CAMSAP3,YWHAE_2,CAMSAP3_1,up,increase,0.06441470724482788,0.0715091238280377,0.00709441658320982,True,26,22,18,26,YWHAE_CAMSAP3,0.6910088905350027,1.0,0.6334347500607016,1.0,0.6334347500607016,0.831110910148926,18
YWHAE,CAMSAP3,YWHAE_2,CAMSAP3_2,up,increase,0.07080373303065048,0.05605849517640765,-0.014745237854242824,False,26,27,18,24,YWHAE_CAMSAP3,0.6910088905350027,1.0,0.6334347500607016,1.0,0.6334347500607016,0.831110910148926,18
YWHAE,CAMSAP3,YWHAE_2,CAMSAP3_3,up,increase,0.0739836406451698,0.03424970447796573,-0.03973393616720407,False,26,24,18,17,YWHAE_CAMSAP3,0.6910088905350027,1.0,0.6334347500607016,1.0,0.6334347500607016,0.831110910148926,17
YWHAE,CAMSAP3,YWHAE_3,CAMSAP3_1,up,increase,0.0441641563906964,0.10285604862975749,0.058691892239061086,True,27,22,28,26,YWHAE_CAMSAP3,1.0,1.0,1.0,1.0,1.0,1.0,22
YWHAE,CAMSAP3,YWHAE_3,CAMSAP3_2,up,increase,0.07480442564294032,0.1117898943353981,0.03698546869245778,True,27,27,28,24,YWHAE_CAMSAP3,1.0,1.0,1.0,1.0,1.0,1.0,24
YWHAE,CAMSAP3,YWHAE_3,CAMSAP3_3,up,increase,0.05671280326017794,0.06159984703275557,0.0048870437725776275,True,27,24,28,17,YWHAE_CAMSAP3,1.0,1.0,1.0,1.0,1.0,1.0,17
YWHAE,CDR2L,YWHAE_1,CDR2L_1,gained,increase,0.04793304500052175,0.07952995049234483,0.031596905491823084,True,17,16,25,22,YWHAE_CDR2L,1.0,1.0,1.0,1.0,1.0,1.0,16
YWHAE,CDR2L,YWHAE_1,CDR2L_2,gained,increase,0.11534766242471124,0.05796815021567214,-0.0573795122090391,False,17,19,25,11,YWHAE_CDR2L,1.0,1.0,1.0,1.0,1.0,1.0,11
YWHAE,CDR2L,YWHAE_1,CDR2L_3,gained,increase,0.10381725177749175,0.07798309015878536,-0.025834161618706386,False,17,28,25,18,YWHAE_CDR2L,1.0,1.0,1.0,1.0,1.0,1.0,17
YWHAE,CDR2L,YWHAE_2,CDR2L_1,gained,increase,0.09584329055116594,0.0830113859475932,-0.012831904603572739,False,26,16,18,22,YWHAE_CDR2L,0.6910088905350027,1.0,0.6334347500607016,1.0,0.6334347500607016,0.831110910148926,16
YWHAE,CDR2L,YWHAE_2,CDR2L_2,gained,increase,0.09819344196816898,-0.011527265322938192,-0.10972070729110717,False,26,19,18,11,YWHAE_CDR2L,0.6910088905350027,1.0,0.6334347500607016,1.0,0.6334347500607016,0.831110910148926,11
YWHAE,CDR2L,YWHAE_2,CDR2L_3,gained,increase,0.1153762249658785,0.06481152459888614,-0.05056470036699236,False,26,28,18,18,YWHAE_CDR2L,0.6910088905350027,1.0,0.6334347500607016,1.0,0.6334347500607016,0.831110910148926,18
YWHAE,CDR2L,YWHAE_3,CDR2L_1,gained,increase,0.04383275624696489,0.0969192920938014,0.053086535846836515,True,27,16,28,22,YWHAE_CDR2L,1.0,1.0,1.0,1.0,1.0,1.0,16
YWHAE,CDR2L,YWHAE_3,CDR2L_2,gained,increase,0.09080144788642482,0.0675902265392596,-0.023211221347165217,False,27,19,28,11,YWHAE_CDR2L,1.0,1.0,1.0,1.0,1.0,1.0,11
YWHAE,CDR2L,YWHAE_3,CDR2L_3,gained,increase,0.043913305873610864,0.07664449563886289,0.03273118976525202,True,27,28,28,18,YWHAE_CDR2L,1.0,1.0,1.0,1.0,1.0,1.0,18
YWHAE,CNN3,YWHAE_1,CNN3_1,up,increase,0.030245356179054585,0.07897511716712284,0.048729760988068256,True,17,29,25,20,YWHAE_CNN3,1.0,0.8914357579994747,1.0,0.8900465587018087,0.8900465587018087,0.9453705791753209,17
YWHAE,CNN3,YWHAE_1,CNN3_2,up,increase,0.09226280432507332,0.10577508969378821,0.01351228536871489,True,17,25,25,14,YWHAE_CNN3,1.0,0.7029751809994207,1.0,0.7921514662441791,0.7029751809994207,0.8737816618109,14
YWHAE,CNN3,YWHAE_1,CNN3_3,up,increase,0.06722471847629471,0.048018793648228024,-0.01920592482806669,False,17,27,25,17,YWHAE_CNN3,1.0,0.8935527457770334,1.0,0.8154566093018982,0.8154566093018982,0.9272523387697329,17
YWHAE,CNN3,YWHAE_2,CNN3_1,up,increase,0.06516604856928923,0.05093572354901534,-0.014230325020273889,False,26,29,18,20,YWHAE_CNN3,0.6910088905350027,0.8914357579994747,0.6334347500607016,0.8900465587018087,0.6334347500607016,0.776481489324247,18
YWHAE,CNN3,YWHAE_2,CNN3_2,up,increase,0.14269771377227566,0.09686581283406023,-0.04583190093821543,False,26,25,18,14,YWHAE_CNN3,0.6910088905350027,0.7029751809994207,0.6334347500607016,0.7921514662441791,0.6334347500607016,0.704892571959826,14
YWHAE,CNN3,YWHAE_2,CNN3_3,up,increase,0.057473525479533466,0.10408172472970623,0.04660819925017276,True,26,27,18,17,YWHAE_CNN3,0.6910088905350027,0.8935527457770334,0.6334347500607016,0.8154566093018982,0.6334347500607016,0.7583632489186589,17
YWHAE,CNN3,YWHAE_3,CNN3_1,up,increase,0.0866494488667525,0.09720957311820923,0.010560124251456735,True,27,29,28,20,YWHAE_CNN3,1.0,0.8914357579994747,1.0,0.8900465587018087,0.8900465587018087,0.9453705791753209,20
YWHAE,CNN3,YWHAE_3,CNN3_2,up,increase,0.0693843337185336,0.0932313015293866,0.023846967810853006,True,27,25,28,14,YWHAE_CNN3,1.0,0.7029751809994207,1.0,0.7921514662441791,0.7029751809994207,0.8737816618109,14
YWHAE,CNN3,YWHAE_3,CNN3_3,up,increase,0.09268530161658761,0.07911691699052562,-0.013568384626061997,False,27,27,28,17,YWHAE_CNN3,1.0,0.8935527457770334,1.0,0.8154566093018982,0.8154566093018982,0.9272523387697329,17
YWHAE,CORO1A,YWHAE_1,CORO1A_1,gained,increase,0.03837009181951624,0.0874546297155124,0.049084537895996164,True,17,21,25,23,YWHAE_CORO1A,1.0,1.0,1.0,1.0,1.0,1.0,17
YWHAE,CORO1A,YWHAE_1,CORO1A_2,gained,increase,0.09462174836090873,0.13911238747360916,0.04449063911270043,True,17,23,25,28,YWHAE_CORO1A,1.0,1.0,1.0,1.0,1.0,1.0,17
YWHAE,CORO1A,YWHAE_1,CORO1A_3,gained,increase,0.07989379608354025,0.11556821530223572,0.03567441921869548,True,17,16,25,17,YWHAE_CORO1A,1.0,1.0,1.0,1.0,1.0,1.0,16
YWHAE,CORO1A,YWHAE_2,CORO1A_1,gained,increase,0.08478294789796403,0.09168433659057414,0.006901388692610103,True,26,21,18,23,YWHAE_CORO1A,0.6910088905350027,1.0,0.6334347500607016,1.0,0.6334347500607016,0.831110910148926,18
YWHAE,CORO1A,YWHAE_2,CORO1A_2,gained,increase,0.13450236203233726,0.08438704076622648,-0.05011532126611078,False,26,23,18,28,YWHAE_CORO1A,0.6910088905350027,1.0,0.6334347500607016,1.0,0.6334347500607016,0.831110910148926,18
YWHAE,CORO1A,YWHAE_2,CORO1A_3,gained,increase,0.06435501753019059,0.10975520524825338,0.0454001877180628,True,26,16,18,17,YWHAE_CORO1A,0.6910088905350027,1.0,0.6334347500607016,1.0,0.6334347500607016,0.831110910148926,16
YWHAE,CORO1A,YWHAE_3,CORO1A_1,gained,increase,0.05749179471630826,0.09497723175947999,0.03748543704317173,True,27,21,28,23,YWHAE_CORO1A,1.0,1.0,1.0,1.0,1.0,1.0,21
YWHAE,CORO1A,YWHAE_3,CORO1A_2,gained,increase,0.04962320344992622,0.08092282240810032,0.031299618958174104,True,27,23,28,28,YWHAE_CORO1A,1.0,1.0,1.0,1.0,1.0,1.0,23
YWHAE,CORO1A,YWHAE_3,CORO1A_3,gained,increase,0.022864259995562637,0.0655024116440632,0.042638151648500565,True,27,16,28,17,YWHAE_CORO1A,1.0,1.0,1.0,1.0,1.0,1.0,16
YWHAE,GIT1,YWHAE_1,GIT1_1,up,increase,0.11484066970332871,0.1435100407355093,0.02866937103218059,True,17,24,25,32,YWHAE_GIT1,1.0,1.0,1.0,1.0,1.0,1.0,17
YWHAE,GIT1,YWHAE_1,GIT1_2,up,increase,0.055753834018193456,0.1014669902222838,0.04571315620409034,True,17,33,25,22,YWHAE_GIT1,1.0,1.0,1.0,1.0,1.0,1.0,17
YWHAE,GIT1,YWHAE_1,GIT1_3,up,increase,0.03587098334261074,0.059074095425376894,0.023203112082766153,True,17,33,25,16,YWHAE_GIT1,1.0,1.0,1.0,1.0,1.0,1.0,16
YWHAE,GIT1,YWHAE_2,GIT1_1,up,increase,0.11367874381023199,0.07325542138069985,-0.040423322429532144,False,26,24,18,32,YWHAE_GIT1,0.6910088905350027,1.0,0.6334347500607016,1.0,0.6334347500607016,0.831110910148926,18
YWHAE,GIT1,YWHAE_2,GIT1_2,up,increase,0.10302339897460706,0.07149299517616983,-0.03153040379843723,False,26,33,18,22,YWHAE_GIT1,0.6910088905350027,1.0,0.6334347500607016,1.0,0.6334347500607016,0.831110910148926,18
YWHAE,GIT1,YWHAE_2,GIT1_3,up,increase,0.09371817289705187,0.01707809383432784,-0.07664007906272402,False,26,33,18,16,YWHAE_GIT1,0.6910088905350027,1.0,0.6334347500607016,1.0,0.6334347500607016,0.831110910148926,16
YWHAE,GIT1,YWHAE_3,GIT1_1,up,increase,0.09677490740622133,0.10673656409398966,0.009961656687768328,True,27,24,28,32,YWHAE_GIT1,1.0,1.0,1.0,1.0,1.0,1.0,24
YWHAE,GIT1,YWHAE_3,GIT1_2,up,increase,0.0966756713996618,0.08999181600398287,-0.006683855395678923,False,27,33,28,22,YWHAE_GIT1,1.0,1.0,1.0,1.0,1.0,1.0,22
YWHAE,GIT1,YWHAE_3,GIT1_3,up,increase,0.097423067189836,0.07313177716854367,-0.024291290021292322,False,27,33,28,16,YWHAE_GIT1,1.0,1.0,1.0,1.0,1.0,1.0,16
YWHAE,GIT2,YWHAE_1,GIT2_1,up,increase,0.06754908543846726,0.10479234953206257,0.03724326409359531,True,17,22,25,21,YWHAE_GIT2,1.0,1.0,1.0,1.0,1.0,1.0,17
YWHAE,GIT2,YWHAE_1,GIT2_2,up,increase,0.05821245344036404,0.11644448024689497,0.058232026806530925,True,17,19,25,14,YWHAE_GIT2,1.0,1.0,1.0,1.0,1.0,1.0,14
YWHAE,GIT2,YWHAE_1,GIT2_3,up,increase,0.05128641730177512,0.12980263699391786,0.07851621969214274,True,17,30,25,18,YWHAE_GIT2,1.0,1.0,1.0,1.0,1.0,1.0,17
YWHAE,GIT2,YWHAE_2,GIT2_1,up,increase,0.05257211163179606,0.08286437575446999,0.030292264122673933,True,26,22,18,21,YWHAE_GIT2,0.6910088905350027,1.0,0.6334347500607016,1.0,0.6334347500607016,0.831110910148926,18
YWHAE,GIT2,YWHAE_2,GIT2_2,up,increase,0.07613133626436097,0.1069742794496031,0.030842943185242125,True,26,19,18,14,YWHAE_GIT2,0.6910088905350027,1.0,0.6334347500607016,1.0,0.6334347500607016,0.831110910148926,14
YWHAE,GIT2,YWHAE_2,GIT2_3,up,increase,0.09160459700964987,0.10074669510448704,0.009142098094837167,True,26,30,18,18,YWHAE_GIT2,0.6910088905350027,1.0,0.6334347500607016,1.0,0.6334347500607016,0.831110910148926,18
YWHAE,GIT2,YWHAE_3,GIT2_1,up,increase,0.06207002668515837,0.14898458759057923,0.08691456090542085,True,27,22,28,21,YWHAE_GIT2,1.0,1.0,1.0,1.0,1.0,1.0,21
YWHAE,GIT2,YWHAE_3,GIT2_2,up,increase,0.05923655539948263,0.05989126450192599,0.0006547091024433627,True,27,19,28,14,YWHAE_GIT2,1.0,1.0,1.0,1.0,1.0,1.0,14
YWHAE,GIT2,YWHAE_3,GIT2_3,up,increase,0.0669802288644344,0.06216490824919135,-0.004815320615243049,False,27,30,28,18,YWHAE_GIT2,1.0,1.0,1.0,1.0,1.0,1.0,18
YWHAE,HAT1,YWHAE_1,HAT1_1,up,increase,0.025110757718532137,0.10021575915968388,0.07510500144115174,True,17,14,25,14,YWHAE_HAT1,1.0,0.9319453658376113,1.0,0.9486213320327409,0.9319453658376113,0.9701416744675881,14
YWHAE,HAT1,YWHAE_1,HAT1_2,up,increase,0.05578635817388467,0.054463364784817496,-0.0013229933890671758,False,17,16,25,11,YWHAE_HAT1,1.0,0.8207671581602337,1.0,0.9315086799658794,0.8207671581602337,0.9380689595315284,11
YWHAE,HAT1,YWHAE_1,HAT1_3,up,increase,0.06973457298541552,0.02495191258054381,-0.04478266040487171,False,17,19,25,23,YWHAE_HAT1,1.0,0.7947904457461523,1.0,0.6337838685754019,0.6337838685754019,0.8571435785803886,17
YWHAE,HAT1,YWHAE_2,HAT1_1,up,increase,0.04167696305237088,0.06685316247349393,0.02517619942112305,True,26,14,18,14,YWHAE_HAT1,0.6910088905350027,0.9319453658376113,0.6334347500607016,0.9486213320327409,0.6334347500607016,0.8012525846165142,14
YWHAE,HAT1,YWHAE_2,HAT1_2,up,increase,0.1015495293943466,0.008059740562287518,-0.09348978883205908,False,26,16,18,11,YWHAE_HAT1,0.6910088905350027,0.8207671581602337,0.6334347500607016,0.9315086799658794,0.6334347500607016,0.7691798696804544,11
YWHAE,HAT1,YWHAE_2,HAT1_3,up,increase,0.0004199605553729096,0.07208607881117896,0.07166611825580604,True,26,19,18,23,YWHAE_HAT1,0.6910088905350027,0.7947904457461523,0.6334347500607016,0.6337838685754019,0.6334347500607016,0.6882544887293147,18
YWHAE,HAT1,YWHAE_3,HAT1_1,up,increase,0.03909075419174066,0.10993594149772572,0.07084518730598505,True,27,14,28,14,YWHAE_HAT1,1.0,0.9319453658376113,1.0,0.9486213320327409,0.9319453658376113,0.9701416744675881,14
YWHAE,HAT1,YWHAE_3,HAT1_2,up,increase,0.013260647610709117,0.05161967674348892,0.038359029132779804,True,27,16,28,11,YWHAE_HAT1,1.0,0.8207671581602337,1.0,0.9315086799658794,0.8207671581602337,0.9380689595315284,11
YWHAE,HAT1,YWHAE_3,HAT1_3,up,increase,0.028705080522243697,0.08846857303818101,0.05976349251593731,True,27,19,28,23,YWHAE_HAT1,1.0,0.7947904457461523,1.0,0.6337838685754019,0.6337838685754019,0.8571435785803886,19
YWHAE,MYCBP2,YWHAE_1,MYCBP2_1,up,increase,0.025803113591095043,0.070989781597625,0.04518666800652996,True,17,26,25,24,YWHAE_MYCBP2,1.0,0.8773112048330111,1.0,0.7992446080492792,0.7992446080492792,0.9191389532205726,17
YWHAE,MYCBP2,YWHAE_1,MYCBP2_2,up,increase,0.14064505994851012,0.13065907541874774,-0.009985984529762376,False,17,26,25,19,YWHAE_MYCBP2,1.0,1.0,1.0,0.8786800018256247,0.8786800018256247,0.9696700004564062,17
YWHAE,MYCBP2,YWHAE_1,MYCBP2_3,up,increase,0.05050636729782666,0.08427008344627356,0.03376371614844689,True,17,18,25,23,YWHAE_MYCBP2,1.0,0.8066373148054198,1.0,0.8291883298758485,0.8066373148054198,0.908956411170317,17
YWHAE,MYCBP2,YWHAE_2,MYCBP2_1,up,increase,0.09563643039109596,0.10994752040899308,0.014311090017897127,True,26,26,18,24,YWHAE_MYCBP2,0.6910088905350027,0.8773112048330111,0.6334347500607016,0.7992446080492792,0.6334347500607016,0.7502498633694987,18
YWHAE,MYCBP2,YWHAE_2,MYCBP2_2,up,increase,0.11738139511493823,0.052920871121757945,-0.06446052399318028,False,26,26,18,19,YWHAE_MYCBP2,0.6910088905350027,1.0,0.6334347500607016,0.8786800018256247,0.6334347500607016,0.8007809106053322,18
YWHAE,MYCBP2,YWHAE_2,MYCBP2_3,up,increase,0.07995957546367975,0.08274272868281717,0.002783153219137413,True,26,18,18,23,YWHAE_MYCBP2,0.6910088905350027,0.8066373148054198,0.6334347500607016,0.8291883298758485,0.6334347500607016,0.7400673213192432,18
YWHAE,MYCBP2,YWHAE_3,MYCBP2_1,up,increase,0.007593909109439306,0.10392971632771604,0.09633580721827674,True,27,26,28,24,YWHAE_MYCBP2,1.0,0.8773112048330111,1.0,0.7992446080492792,0.7992446080492792,0.9191389532205726,24
YWHAE,MYCBP2,YWHAE_3,MYCBP2_2,up,increase,0.05737611734813722,0.07382358122767108,0.016447463879533858,True,27,26,28,19,YWHAE_MYCBP2,1.0,1.0,1.0,0.8786800018256247,0.8786800018256247,0.9696700004564062,19
YWHAE,MYCBP2,YWHAE_3,MYCBP2_3,up,increase,0.0732932254344421,0.12637704617906853,0.053083820744626434,True,27,18,28,23,YWHAE_MYCBP2,1.0,0.8066373148054198,1.0,0.8291883298758485,0.8066373148054198,0.908956411170317,18
YWHAE,PAK1,YWHAE_1,PAK1_1,gained,increase,0.016334072208507768,0.11389933562689086,0.09756526341838309,True,17,15,25,16,YWHAE_PAK1,1.0,1.0,1.0,1.0,1.0,1.0,15
YWHAE,PAK1,YWHAE_1,PAK1_2,gained,increase,0.063962210051026,0.09191176268864082,0.027949552637614825,True,17,10,25,6,YWHAE_PAK1,1.0,1.0,1.0,1.0,1.0,1.0,6
YWHAE,PAK1,YWHAE_1,PAK1_3,gained,increase,0.06581058405201418,0.08804830244326407,0.022237718391249897,True,17,14,25,29,YWHAE_PAK1,1.0,1.0,1.0,1.0,1.0,1.0,14
YWHAE,PAK1,YWHAE_2,PAK1_1,gained,increase,0.08249286765581437,0.06401048635455509,-0.018482381301259287,False,26,15,18,16,YWHAE_PAK1,0.6910088905350027,1.0,0.6334347500607016,1.0,0.6334347500607016,0.831110910148926,15
YWHAE,PAK1,YWHAE_2,PAK1_2,gained,increase,0.08408943998141175,0.017727739862490634,-0.06636170011892112,False,26,10,18,6,YWHAE_PAK1,0.6910088905350027,1.0,0.6334347500607016,1.0,0.6334347500607016,0.831110910148926,6
YWHAE,PAK1,YWHAE_2,PAK1_3,gained,increase,0.05873818548797271,0.05775279854638146,-0.0009853869415912472,False,26,14,18,29,YWHAE_PAK1,0.6910088905350027,1.0,0.6334347500607016,1.0,0.6334347500607016,0.831110910148926,14
YWHAE,PAK1,YWHAE_3,PAK1_1,gained,increase,0.028210592022475098,0.14365044555135242,0.11543985352887733,True,27,15,28,16,YWHAE_PAK1,1.0,1.0,1.0,1.0,1.0,1.0,15
YWHAE,PAK1,YWHAE_3,PAK1_2,gained,increase,0.08643572361656678,0.05034511180241744,-0.03609061181414933,False,27,10,28,6,YWHAE_PAK1,1.0,1.0,1.0,1.0,1.0,1.0,6
YWHAE,PAK1,YWHAE_3,PAK1_3,gained,increase,0.13560647712357773,0.08879138024542756,-0.04681509687815018,False,27,14,28,29,YWHAE_PAK1,1.0,1.0,1.0,1.0,1.0,1.0,14
YWHAE,SYNJ2,YWHAE_1,SYNJ2_1,up,increase,0.06054711424053924,0.10801942796780527,0.04747231372726603,True,17,33,25,25,YWHAE_SYNJ2,1.0,1.0,1.0,1.0,1.0,1.0,17
YWHAE,SYNJ2,YWHAE_1,SYNJ2_3,up,increase,0.05683405993706601,0.11047530629228051,0.05364124635521451,True,17,23,25,39,YWHAE_SYNJ2,1.0,1.0,1.0,1.0,1.0,1.0,17
YWHAE,SYNJ2,YWHAE_2,SYNJ2_1,up,increase,0.11639451279367131,0.07833265514881327,-0.038061857644858046,False,26,33,18,25,YWHAE_SYNJ2,0.6910088905350027,1.0,0.6334347500607016,1.0,0.6334347500607016,0.831110910148926,18
YWHAE,SYNJ2,YWHAE_2,SYNJ2_3,up,increase,0.12908454025546132,0.09001953006205705,-0.03906501019340426,False,26,23,18,39,YWHAE_SYNJ2,0.6910088905350027,1.0,0.6334347500607016,1.0,0.6334347500607016,0.831110910148926,18
YWHAE,SYNJ2,YWHAE_3,SYNJ2_1,up,increase,0.06427491027496213,0.1240519367892823,0.05977702651432017,True,27,33,28,25,YWHAE_SYNJ2,1.0,1.0,1.0,1.0,1.0,1.0,25
YWHAE,SYNJ2,YWHAE_3,SYNJ2_3,up,increase,0.05554098746426047,0.10523888633385586,0.04969789886959539,True,27,23,28,39,YWHAE_SYNJ2,1.0,1.0,1.0,1.0,1.0,1.0,23
YWHAE,TK1,YWHAE_1,TK1_1,gained,increase,0.025972689983178233,0.14242255106014165,0.11644986107696342,True,17,23,25,22,YWHAE_TK1,1.0,1.0,1.0,1.0,1.0,1.0,17
YWHAE,TK1,YWHAE_1,TK1_2,gained,increase,0.01760408781781144,0.1439763473907759,0.12637225957296444,True,17,26,25,21,YWHAE_TK1,1.0,1.0,1.0,1.0,1.0,1.0,17
YWHAE,TK1,YWHAE_1,TK1_3,gained,increase,0.01807442806196604,0.0862064494844939,0.06813202142252786,True,17,24,25,26,YWHAE_TK1,1.0,1.0,1.0,1.0,1.0,1.0,17
YWHAE,TK1,YWHAE_2,TK1_1,gained,increase,0.09175626284557455,0.10060321367552691,0.008846950829952363,True,26,23,18,22,YWHAE_TK1,0.6910088905350027,1.0,0.6334347500607016,1.0,0.6334347500607016,0.831110910148926,18
YWHAE,TK1,YWHAE_2,TK1_2,gained,increase,0.0761726763540103,0.09859175498964955,0.022419078635639245,True,26,26,18,21,YWHAE_TK1,0.6910088905350027,1.0,0.6334347500607016,1.0,0.6334347500607016,0.831110910148926,18
YWHAE,TK1,YWHAE_2,TK1_3,gained,increase,0.0996423076305938,0.07821915200690284,-0.02142315562369096,False,26,24,18,26,YWHAE_TK1,0.6910088905350027,1.0,0.6334347500607016,1.0,0.6334347500607016,0.831110910148926,18
YWHAE,TK1,YWHAE_3,TK1_1,gained,increase,0.07979708600515432,0.09439790142726202,0.014600815422107699,True,27,23,28,22,YWHAE_TK1,1.0,1.0,1.0,1.0,1.0,1.0,22
YWHAE,TK1,YWHAE_3,TK1_2,gained,increase,0.10917479827431596,0.11923362149690783,0.01005882322259187,True,27,26,28,21,YWHAE_TK1,1.0,1.0,1.0,1.0,1.0,1.0,21
YWHAE,TK1,YWHAE_3,TK1_3,gained,increase,0.08004624765137801,0.056006713861888206,-0.024039533789489802,False,27,24,28,26,YWHAE_TK1,1.0,1.0,1.0,1.0,1.0,1.0,24
YWHAE,WDR7,YWHAE_1,WDR7_1,up,increase,0.06298187291719828,0.06316662312334732,0.0001847502061490397,True,17,20,25,21,YWHAE_WDR7,1.0,1.0,1.0,1.0,1.0,1.0,17
YWHAE,WDR7,YWHAE_1,WDR7_2,up,increase,0.029214735240875436,0.11112509551588935,0.08191036027501392,True,17,22,25,14,YWHAE_WDR7,1.0,1.0,1.0,1.0,1.0,1.0,14
YWHAE,WDR7,YWHAE_1,WDR7_3,up,increase,0.08768321960080443,0.08972197971332023,0.002038760112515803,True,17,30,25,21,YWHAE_WDR7,1.0,1.0,1.0,1.0,1.0,1.0,17
YWHAE,WDR7,YWHAE_2,WDR7_1,up,increase,0.10425016217009299,0.08026909996544837,-0.023981062204644618,False,26,20,18,21,YWHAE_WDR7,0.6910088905350027,1.0,0.6334347500607016,1.0,0.6334347500607016,0.831110910148926,18
YWHAE,WDR7,YWHAE_2,WDR7_2,up,increase,0.09876464110116825,0.039722671699909486,-0.05904196940125877,False,26,22,18,14,YWHAE_WDR7,0.6910088905350027,1.0,0.6334347500607016,1.0,0.6334347500607016,0.831110910148926,14
YWHAE,WDR7,YWHAE_2,WDR7_3,up,increase,0.09927589191187788,0.10597787142759031,0.006701979515712428,True,26,30,18,21,YWHAE_WDR7,0.6910088905350027,1.0,0.6334347500607016,1.0,0.6334347500607016,0.831110910148926,18
YWHAE,WDR7,YWHAE_3,WDR7_1,up,increase,0.08552863189071282,0.07659284277762238,-0.00893578911309044,False,27,20,28,21,YWHAE_WDR7,1.0,1.0,1.0,1.0,1.0,1.0,20
YWHAE,WDR7,YWHAE_3,WDR7_2,up,increase,0.09028860971591175,0.10576536947488784,0.015476759758976083,True,27,22,28,14,YWHAE_WDR7,1.0,1.0,1.0,1.0,1.0,1.0,14
YWHAE,WDR7,YWHAE_3,WDR7_3,up,increase,0.08056713655791192,0.07196002612795525,-0.008607110429956669,False,27,30,28,21,YWHAE_WDR7,1.0,1.0,1.0,1.0,1.0,1.0,21
YWHAG,BAD,YWHAG_1,BAD_1,up,increase,0.1117811420065237,0.07859422596169682,-0.033186916044826875,False,16,34,16,28,YWHAG_BAD,0.7495215991102426,1.0,0.8297704498235625,1.0,0.7495215991102426,0.8948230122334513,16
YWHAG,BAD,YWHAG_1,BAD_2,up,increase,0.05524317862990774,0.09419632396897831,0.03895314533907057,True,16,30,16,34,YWHAG_BAD,0.7495215991102426,1.0,0.8297704498235625,1.0,0.7495215991102426,0.8948230122334513,16
YWHAG,BAD,YWHAG_1,BAD_3,up,increase,0.07481448396450358,0.07907089588855727,0.004256411924053696,True,16,43,16,23,YWHAG_BAD,0.7495215991102426,1.0,0.8297704498235625,0.7996248441783715,0.7495215991102426,0.8447292232780441,16
YWHAG,BAD,YWHAG_2,BAD_1,up,increase,0.07665680391667078,0.11542763953203362,0.03877083561536285,True,17,34,18,28,YWHAG_BAD,0.6824535168556893,1.0,0.7606709506320426,1.0,0.6824535168556893,0.860781116871933,17
YWHAG,BAD,YWHAG_2,BAD_2,up,increase,0.06635856679461698,0.11666471293936045,0.05030614614474348,True,17,30,18,34,YWHAG_BAD,0.6824535168556893,1.0,0.7606709506320426,1.0,0.6824535168556893,0.860781116871933,17
YWHAG,BAD,YWHAG_2,BAD_3,up,increase,0.04056330896927901,0.12194387559633317,0.08138056662705416,True,17,43,18,23,YWHAG_BAD,0.6824535168556893,1.0,0.7606709506320426,0.7996248441783715,0.6824535168556893,0.8106873279165259,17
YWHAG,BAD,YWHAG_3,BAD_1,up,increase,0.06572343006046202,0.11046602190579724,0.04474259184533522,True,17,34,17,28,YWHAG_BAD,0.6275725155119662,1.0,0.6292626304854565,1.0,0.6275725155119662,0.8142087864993557,17
YWHAG,BAD,YWHAG_3,BAD_2,up,increase,0.046103914237997645,0.1211643682092854,0.07506045397128776,True,17,30,17,34,YWHAG_BAD,0.6275725155119662,1.0,0.6292626304854565,1.0,0.6275725155119662,0.8142087864993557,17
YWHAG,BAD,YWHAG_3,BAD_3,up,increase,0.09024762880251125,0.05522673491895003,-0.03502089388356122,False,17,43,17,23,YWHAG_BAD,0.6275725155119662,1.0,0.6292626304854565,0.7996248441783715,0.6275725155119662,0.7641149975439485,17
YWHAG,C1orf116,YWHAG_1,C1orf116_1,up,increase,0.0378934570572686,0.03969753441185236,0.0018040773545837593,True,16,36,16,17,YWHAG_C1orf116,0.7495215991102426,1.0,0.8297704498235625,1.0,0.7495215991102426,0.8948230122334513,16
YWHAG,C1orf116,YWHAG_1,C1orf116_2,up,increase,0.05466839801262189,0.084206536010828,0.029538137998206114,True,16,17,16,16,YWHAG_C1orf116,0.7495215991102426,1.0,0.8297704498235625,1.0,0.7495215991102426,0.8948230122334513,16
YWHAG,C1orf116,YWHAG_1,C1orf116_3,up,increase,0.054145593967202026,0.11651260787377246,0.062367013906570436,True,16,24,16,15,YWHAG_C1orf116,0.7495215991102426,1.0,0.8297704498235625,1.0,0.7495215991102426,0.8948230122334513,15
YWHAG,C1orf116,YWHAG_2,C1orf116_1,up,increase,0.045952069026117384,0.08936530660751696,0.043413237581399575,True,17,36,18,17,YWHAG_C1orf116,0.6824535168556893,1.0,0.7606709506320426,1.0,0.6824535168556893,0.860781116871933,17
YWHAG,C1orf116,YWHAG_2,C1orf116_2,up,increase,0.14198898515638603,0.05018843112412254,-0.09180055403226349,False,17,17,18,16,YWHAG_C1orf116,0.6824535168556893,1.0,0.7606709506320426,1.0,0.6824535168556893,0.860781116871933,16
YWHAG,C1orf116,YWHAG_2,C1orf116_3,up,increase,0.09959790664817028,0.0867786434612554,-0.012819263186914884,False,17,24,18,15,YWHAG_C1orf116,0.6824535168556893,1.0,0.7606709506320426,1.0,0.6824535168556893,0.860781116871933,15
YWHAG,C1orf116,YWHAG_3,C1orf116_1,up,increase,0.06502656857899591,0.06743244031119287,0.0024058717321969597,True,17,36,17,17,YWHAG_C1orf116,0.6275725155119662,1.0,0.6292626304854565,1.0,0.6275725155119662,0.8142087864993557,17
YWHAG,C1orf116,YWHAG_3,C1orf116_2,up,increase,0.04859146085718998,0.0819255668688987,0.03333410601170871,True,17,17,17,16,YWHAG_C1orf116,0.6275725155119662,1.0,0.6292626304854565,1.0,0.6275725155119662,0.8142087864993557,16
YWHAG,C1orf116,YWHAG_3,C1orf116_3,up,increase,0.07877702492869523,0.09221530817918511,0.013438283250489874,True,17,24,17,15,YWHAG_C1orf116,0.6275725155119662,1.0,0.6292626304854565,1.0,0.6275725155119662,0.8142087864993557,15
YWHAG,EML3,YWHAG_1,EML3_1,up,increase,0.09011331543469396,0.10324445437500308,0.013131138940309123,True,16,32,16,31,YWHAG_EML3,0.7495215991102426,1.0,0.8297704498235625,1.0,0.7495215991102426,0.8948230122334513,16
YWHAG,EML3,YWHAG_1,EML3_2,up,increase,0.0480217144226859,0.071808314790707,0.023786600368021098,True,16,28,16,17,YWHAG_EML3,0.7495215991102426,1.0,0.8297704498235625,1.0,0.7495215991102426,0.8948230122334513,16
YWHAG,EML3,YWHAG_1,EML3_3,up,increase,0.022906604384319296,0.10016264091014083,0.07725603652582154,True,16,24,16,26,YWHAG_EML3,0.7495215991102426,1.0,0.8297704498235625,1.0,0.7495215991102426,0.8948230122334513,16
YWHAG,EML3,YWHAG_2,EML3_1,up,increase,0.07254936701781689,0.08578649209716983,0.013237125079352943,True,17,32,18,31,YWHAG_EML3,0.6824535168556893,1.0,0.7606709506320426,1.0,0.6824535168556893,0.860781116871933,17
YWHAG,EML3,YWHAG_2,EML3_2,up,increase,0.04342728001322315,0.11889584263109695,0.0754685626178738,True,17,28,18,17,YWHAG_EML3,0.6824535168556893,1.0,0.7606709506320426,1.0,0.6824535168556893,0.860781116871933,17
YWHAG,EML3,YWHAG_2,EML3_3,up,increase,0.08119695131764307,0.07634523740537867,-0.0048517139122643965,False,17,24,18,26,YWHAG_EML3,0.6824535168556893,1.0,0.7606709506320426,1.0,0.6824535168556893,0.860781116871933,17
YWHAG,EML3,YWHAG_3,EML3_1,up,increase,0.09629640205510133,0.13533616573918347,0.03903976368408214,True,17,32,17,31,YWHAG_EML3,0.6275725155119662,1.0,0.6292626304854565,1.0,0.6275725155119662,0.8142087864993557,17
YWHAG,EML3,YWHAG_3,EML3_2,up,increase,0.04533232239988767,0.10001342411659522,0.05468110171670755,True,17,28,17,17,YWHAG_EML3,0.6275725155119662,1.0,0.6292626304854565,1.0,0.6275725155119662,0.8142087864993557,17
YWHAG,EML3,YWHAG_3,EML3_3,up,increase,0.07431514387017676,0.11750565896500476,0.04319051509482799,True,17,24,17,26,YWHAG_EML3,0.6275725155119662,1.0,0.6292626304854565,1.0,0.6275725155119662,0.8142087864993557,17
YWHAQ,PFKFB2,YWHAQ_2,PFKFB2_1,up,increase,0.05337206781915413,0.09865490512850643,0.0452828373093523,True,23,23,15,13,YWHAQ_PFKFB2,0.5105055965673302,1.0,0.3545521354401544,1.0,0.3545521354401544,0.7162644330018711,13
YWHAQ,PFKFB2,YWHAQ_2,PFKFB2_2,up,increase,0.1072026011207174,0.07369121088148509,-0.033511390239232317,False,23,20,15,10,YWHAQ_PFKFB2,0.5105055965673302,1.0,0.3545521354401544,1.0,0.3545521354401544,0.7162644330018711,10
YWHAQ,PFKFB2,YWHAQ_2,PFKFB2_3,up,increase,0.0809818217298171,0.03636389588962769,-0.044617925840189414,False,23,26,15,20,YWHAQ_PFKFB2,0.5105055965673302,1.0,0.3545521354401544,1.0,0.3545521354401544,0.7162644330018711,15
YWHAE,EML3,YWHAE_1,EML3_1,up,increase,0.0793311810085982,0.158172015072785,0.0788408340641868,True,17,32,25,31,YWHAE_EML3,1.0,1.0,1.0,1.0,1.0,1.0,17
YWHAE,EML3,YWHAE_1,EML3_2,up,increase,0.05927939003381454,0.0655970150734415,0.006317625039626955,True,17,28,25,17,YWHAE_EML3,1.0,1.0,1.0,1.0,1.0,1.0,17
YWHAE,EML3,YWHAE_1,EML3_3,up,increase,0.042213624627234464,0.12144027327482851,0.07922664864759404,True,17,24,25,26,YWHAE_EML3,1.0,1.0,1.0,1.0,1.0,1.0,17
YWHAE,EML3,YWHAE_2,EML3_1,up,increase,0.13139975572570764,0.12026554317103234,-0.011134212554675296,False,26,32,18,31,YWHAE_EML3,0.6910088905350027,1.0,0.6334347500607016,1.0,0.6334347500607016,0.831110910148926,18
YWHAE,EML3,YWHAE_2,EML3_2,up,increase,0.07199634301634693,0.0816178016602892,0.009621458643942274,True,26,28,18,17,YWHAE_EML3,0.6910088905350027,1.0,0.6334347500607016,1.0,0.6334347500607016,0.831110910148926,17
YWHAE,EML3,YWHAE_2,EML3_3,up,increase,0.13371764318968926,0.10608198825400682,-0.027635654935682444,False,26,24,18,26,YWHAE_EML3,0.6910088905350027,1.0,0.6334347500607016,1.0,0.6334347500607016,0.831110910148926,18
YWHAE,EML3,YWHAE_3,EML3_1,up,increase,0.07895977320943312,0.12036923823808103,0.04140946502864791,True,27,32,28,31,YWHAE_EML3,1.0,1.0,1.0,1.0,1.0,1.0,27
YWHAE,EML3,YWHAE_3,EML3_2,up,increase,0.08871190356528091,0.07568524258048133,-0.013026660984799585,False,27,28,28,17,YWHAE_EML3,1.0,1.0,1.0,1.0,1.0,1.0,17
YWHAE,EML3,YWHAE_3,EML3_3,up,increase,0.03744500760361154,0.1072979808684911,0.06985297326487956,True,27,24,28,26,YWHAE_EML3,1.0,1.0,1.0,1.0,1.0,1.0,24
YWHAE,YWHAG,YWHAE_1,YWHAG_1,up,increase,0.06744500629575041,0.10586627274152907,0.03842126644577866,True,17,16,25,16,YWHAE_YWHAG,1.0,0.7495215991102426,1.0,0.8297704498235625,0.7495215991102426,0.8948230122334513,16
YWHAE,YWHAG,YWHAE_1,YWHAG_2,up,increase,0.02453283544835519,0.10257772856594512,0.07804489311758993,True,17,17,25,18,YWHAE_YWHAG,1.0,0.6824535168556893,1.0,0.7606709506320426,0.6824535168556893,0.860781116871933,17
YWHAE,YWHAG,YWHAE_1,YWHAG_3,up,increase,0.04982392897319383,0.09109118417042934,0.041267255197235515,True,17,17,25,17,YWHAE_YWHAG,1.0,0.6275725155119662,1.0,0.6292626304854565,0.6275725155119662,0.8142087864993557,17
YWHAE,YWHAG,YWHAE_2,YWHAG_1,up,increase,0.06773150711386176,0.053754175795005625,-0.013977331318856138,False,26,16,18,16,YWHAE_YWHAG,0.6910088905350027,0.7495215991102426,0.6334347500607016,0.8297704498235625,0.6334347500607016,0.7259339223823773,16
YWHAE,YWHAG,YWHAE_2,YWHAG_2,up,increase,0.056002654185442535,0.0872145803283078,0.031211926142865262,True,26,17,18,18,YWHAE_YWHAG,0.6910088905350027,0.6824535168556893,0.6334347500607016,0.7606709506320426,0.6334347500607016,0.6918920270208591,17
YWHAE,YWHAG,YWHAE_2,YWHAG_3,up,increase,0.06289209056284807,0.07645214493220105,0.01356005436935298,True,26,17,18,17,YWHAE_YWHAG,0.6910088905350027,0.6275725155119662,0.6334347500607016,0.6292626304854565,0.6275725155119662,0.6453196966482817,17
YWHAE,YWHAG,YWHAE_3,YWHAG_1,up,increase,0.05718973248182805,0.06600105188150614,0.008811319399678087,True,27,16,28,16,YWHAE_YWHAG,1.0,0.7495215991102426,1.0,0.8297704498235625,0.7495215991102426,0.8948230122334513,16
YWHAE,YWHAG,YWHAE_3,YWHAG_2,up,increase,0.07112202090583168,0.09071518481344384,0.019593163907612163,True,27,17,28,18,YWHAE_YWHAG,1.0,0.6824535168556893,1.0,0.7606709506320426,0.6824535168556893,0.860781116871933,17
YWHAE,YWHAG,YWHAE_3,YWHAG_3,up,increase,0.03357070988949954,0.11614066300141757,0.08256995311191803,True,27,17,28,17,YWHAE_YWHAG,1.0,0.6275725155119662,1.0,0.6292626304854565,0.6275725155119662,0.8142087864993557,17
HDAC3,CCN1,HDAC3_1,CCN1_1,up,increase,0.14398285825458038,0.10383880451142188,-0.04014405374315849,False,31,18,21,12,HDAC3_CCN1,1.0,0.820526113722621,1.0,0.8952028954800637,0.820526113722621,0.9289322523006711,12
HDAC3,CCN1,HDAC3_1,CCN1_2,up,increase,0.11806945783824173,0.09892192007019746,-0.019147537768044273,False,31,19,21,29,HDAC3_CCN1,1.0,0.8873951516721992,1.0,0.9520900566139047,0.8873951516721992,0.9598713020715259,19
HDAC3,CCN1,HDAC3_1,CCN1_3,up,increase,0.05865648106458339,0.05591205998002181,-0.002744421084561584,False,31,18,21,15,HDAC3_CCN1,1.0,0.7377241152145946,1.0,0.9489850468906553,0.7377241152145946,0.9216772905263124,15
HDAC3,CCN1,HDAC3_3,CCN1_1,up,increase,0.05659105131543436,0.11159236214452485,0.05500131082909049,True,16,18,15,12,HDAC3_CCN1,1.0,0.820526113722621,0.7950592118536823,0.8952028954800637,0.7950592118536823,0.8776970552640917,12
HDAC3,CCN1,HDAC3_3,CCN1_2,up,increase,0.021690400288467266,0.12557570345698654,0.10388530316851928,True,16,19,15,29,HDAC3_CCN1,1.0,0.8873951516721992,0.7950592118536823,0.9520900566139047,0.7950592118536823,0.9086361050349465,15
HDAC3,CCN1,HDAC3_3,CCN1_3,up,increase,0.03457330381154313,0.05391963239274131,0.019346328581198176,True,16,18,15,15,HDAC3_CCN1,1.0,0.7377241152145946,0.7950592118536823,0.9489850468906553,0.7377241152145946,0.870442093489733,15
YWHAE,MBD3,YWHAE_1,MBD3_1,down,decrease,0.07357805157593109,0.10422721403831138,0.030649162462380294,False,17,24,25,18,YWHAE_MBD3,1.0,1.0,1.0,1.0,1.0,1.0,17
YWHAE,MBD3,YWHAE_1,MBD3_2,down,decrease,0.11570102819639151,0.13149682856754574,0.01579580037115423,False,17,27,25,25,YWHAE_MBD3,1.0,1.0,1.0,1.0,1.0,1.0,17
YWHAE,MBD3,YWHAE_2,MBD3_1,down,decrease,0.08746986405417272,0.11167669158949961,0.024206827535326894,False,26,24,18,18,YWHAE_MBD3,0.6910088905350027,1.0,0.6334347500607016,1.0,0.6334347500607016,0.831110910148926,18
YWHAE,MBD3,YWHAE_2,MBD3_2,down,decrease,0.1266195788778866,0.09196242765714925,-0.034657151220737356,True,26,27,18,25,YWHAE_MBD3,0.6910088905350027,1.0,0.6334347500607016,1.0,0.6334347500607016,0.831110910148926,18
YWHAE,MBD3,YWHAE_3,MBD3_1,down,decrease,0.05018968159630957,0.08617666400569766,0.035986982409388094,False,27,24,28,18,YWHAE_MBD3,1.0,1.0,1.0,1.0,1.0,1.0,18
YWHAE,MBD3,YWHAE_3,MBD3_2,down,decrease,0.10213165914988746,0.07977684099621694,-0.02235481815367052,True,27,27,28,25,YWHAE_MBD3,1.0,1.0,1.0,1.0,1.0,1.0,25
YWHAE,MTA1,YWHAE_1,MTA1_1,down,decrease,0.06432987066658268,0.09928241217899353,0.034952541512410853,False,17,26,25,20,YWHAE_MTA1,1.0,1.0,1.0,1.0,1.0,1.0,17
YWHAE,MTA1,YWHAE_1,MTA1_2,down,decrease,0.07943309406080416,0.06123299884838727,-0.018200095212416896,True,17,24,25,18,YWHAE_MTA1,1.0,1.0,1.0,1.0,1.0,1.0,17
YWHAE,MTA1,YWHAE_1,MTA1_3,down,decrease,0.03584956063257033,0.08271441635320743,0.0468648557206371,False,17,19,25,19,YWHAE_MTA1,1.0,1.0,1.0,1.0,1.0,1.0,17
YWHAE,MTA1,YWHAE_2,MTA1_1,down,decrease,0.09759668060759154,0.068530713424426,-0.029065967183165536,True,26,26,18,20,YWHAE_MTA1,0.6910088905350027,1.0,0.6334347500607016,1.0,0.6334347500607016,0.831110910148926,18
YWHAE,MTA1,YWHAE_2,MTA1_2,down,decrease,0.04457850729706999,0.03302825473801993,-0.01155025255905006,True,26,24,18,18,YWHAE_MTA1,0.6910088905350027,1.0,0.6334347500607016,1.0,0.6334347500607016,0.831110910148926,18
YWHAE,MTA1,YWHAE_2,MTA1_3,down,decrease,0.05790777780387682,0.06567036215923061,0.007762584355353791,False,26,19,18,19,YWHAE_MTA1,0.6910088905350027,1.0,0.6334347500607016,1.0,0.6334347500607016,0.831110910148926,18
YWHAE,MTA1,YWHAE_3,MTA1_1,down,decrease,0.06382395855323998,0.06401320930746535,0.00018925075422536464,False,27,26,28,20,YWHAE_MTA1,1.0,1.0,1.0,1.0,1.0,1.0,20
YWHAE,MTA1,YWHAE_3,MTA1_2,down,decrease,0.0548252221108854,0.0862824610232177,0.0314572389123323,False,27,24,28,18,YWHAE_MTA1,1.0,1.0,1.0,1.0,1.0,1.0,18
YWHAE,MTA1,YWHAE_3,MTA1_3,down,decrease,0.05284840252298564,0.1012592736354557,0.04841087111247006,False,27,19,28,19,YWHAE_MTA1,1.0,1.0,1.0,1.0,1.0,1.0,19
SMARCA4,EPS15,SMARCA4_1,EPS15_1,up,increase,0.04640305346496981,0.07195849517836071,0.0255554417133909,True,28,17,13,27,SMARCA4_EPS15,0.6210376061848646,1.0,0.709870542228283,0.7103369259338153,0.6210376061848646,0.7603112685867407,13
SMARCA4,EPS15,SMARCA4_1,EPS15_2,up,increase,0.06330973555574214,0.03041226227131456,-0.032897473284427575,False,28,20,13,18,SMARCA4_EPS15,0.6210376061848646,1.0,0.709870542228283,1.0,0.6210376061848646,0.8327270371032869,13
SMARCA4,EPS15,SMARCA4_1,EPS15_3,up,increase,0.07542413420982184,0.08026963934396439,0.004845505134142544,True,28,20,13,33,SMARCA4_EPS15,0.6210376061848646,1.0,0.709870542228283,1.0,0.6210376061848646,0.8327270371032869,13
SMARCA4,EPS15,SMARCA4_2,EPS15_1,up,increase,0.00539149401059417,0.041005277254809736,0.03561378324421557,True,29,17,14,27,SMARCA4_EPS15,0.4579219283853063,1.0,0.5252558460539312,0.7103369259338153,0.4579219283853063,0.6733786750932631,14
SMARCA4,EPS15,SMARCA4_2,EPS15_2,up,increase,0.08595245307737122,0.02962227167577152,-0.0563301814015997,False,29,20,14,18,SMARCA4_EPS15,0.4579219283853063,1.0,0.5252558460539312,1.0,0.4579219283853063,0.7457944436098094,14
SMARCA4,EPS15,SMARCA4_2,EPS15_3,up,increase,0.07628573728321136,0.09905617732885884,0.022770440045647475,True,29,20,14,33,SMARCA4_EPS15,0.4579219283853063,1.0,0.5252558460539312,1.0,0.4579219283853063,0.7457944436098094,14
SMARCA4,EPS15,SMARCA4_3,EPS15_1,up,increase,0.10191921996493077,0.028601038137332398,-0.07331818182759836,False,37,17,24,27,SMARCA4_EPS15,0.4849307430783999,1.0,0.7697045653044083,0.7103369259338153,0.4849307430783999,0.741243058579156,17
SMARCA4,EPS15,SMARCA4_3,EPS15_2,up,increase,0.09861214247397394,0.08659540637497655,-0.012016736098997394,False,37,20,24,18,SMARCA4_EPS15,0.4849307430783999,1.0,0.7697045653044083,1.0,0.4849307430783999,0.8136588270957021,18
SMARCA4,EPS15,SMARCA4_3,EPS15_3,up,increase,0.043268808622753785,0.06877446241643098,0.025505653793677197,True,37,20,24,33,SMARCA4_EPS15,0.4849307430783999,1.0,0.7697045653044083,1.0,0.4849307430783999,0.8136588270957021,20
BARD1,CITED2,BARD1_1,CITED2_1,up,increase,0.08374910644027711,0.09104116496480227,0.0072920585245251635,True,23,16,23,19,BARD1_CITED2,1.0,0.591964672654013,1.0,0.8611094216810289,0.591964672654013,0.8632685235837605,16
BARD1,CITED2,BARD1_1,CITED2_2,up,increase,0.08231598861788694,0.10056454176363869,0.018248553145751745,True,23,39,23,36,BARD1_CITED2,1.0,0.6497335526189634,1.0,0.8351330364955092,0.6497335526189634,0.8712166472786181,23
BARD1,CITED2,BARD1_1,CITED2_3,up,increase,0.12848986488722675,0.12769629784267217,-0.0007935670445545773,False,23,26,23,24,BARD1_CITED2,1.0,0.7745911268397101,1.0,0.9300703812190101,0.7745911268397101,0.92616537701468,23
BARD1,CITED2,BARD1_2,CITED2_1,up,increase,0.07640074390553457,0.06573781704206028,-0.010662926863474295,False,24,16,15,19,BARD1_CITED2,1.0,0.591964672654013,1.0,0.8611094216810289,0.591964672654013,0.8632685235837605,15
BARD1,CITED2,BARD1_2,CITED2_2,up,increase,0.05188106828658146,0.06446574333273988,0.01258467504615842,True,24,39,15,36,BARD1_CITED2,1.0,0.6497335526189634,1.0,0.8351330364955092,0.6497335526189634,0.8712166472786181,15
BARD1,CITED2,BARD1_2,CITED2_3,up,increase,0.10073574649903608,0.031805073542973114,-0.06893067295606296,False,24,26,15,24,BARD1_CITED2,1.0,0.7745911268397101,1.0,0.9300703812190101,0.7745911268397101,0.92616537701468,15
BARD1,CITED2,BARD1_3,CITED2_1,up,increase,0.08217709757077084,0.1027346487134734,0.020557551142702565,True,24,16,23,19,BARD1_CITED2,1.0,0.591964672654013,1.0,0.8611094216810289,0.591964672654013,0.8632685235837605,16
BARD1,CITED2,BARD1_3,CITED2_2,up,increase,0.1323048146218977,0.12050173122420271,-0.01180308339769498,False,24,39,23,36,BARD1_CITED2,1.0,0.6497335526189634,1.0,0.8351330364955092,0.6497335526189634,0.8712166472786181,23
BARD1,CITED2,BARD1_3,CITED2_3,up,increase,0.0716205666904247,0.13643341179640445,0.06481284510597975,True,24,26,23,24,BARD1_CITED2,1.0,0.7745911268397101,1.0,0.9300703812190101,0.7745911268397101,0.92616537701468,23
PIM1,HDAC2,PIM1_1,HDAC2_1,insig,posctl,0.10254364344799925,0.08839269690443108,-0.014150946543568174,,35,12,21,13,PIM1_HDAC2,1.0,0.8135898036486287,1.0,0.7174212246956764,0.7174212246956764,0.8827527570860763,12
PIM1,HDAC2,PIM1_1,HDAC2_2,insig,posctl,0.1135871389151552,0.15404242990892242,0.04045529099376721,,35,28,21,30,PIM1_HDAC2,1.0,0.683188052949286,1.0,0.5515728838767691,0.5515728838767691,0.8086902342065139,21
PIM1,HDAC2,PIM1_1,HDAC2_3,insig,posctl,0.1252931669114497,0.11801782504457976,-0.0072753418668699416,,35,22,21,18,PIM1_HDAC2,1.0,0.7867067043218716,1.0,0.6724107594272859,0.6724107594272859,0.8647793659372893,18
PIM1,HDAC2,PIM1_2,HDAC2_1,insig,posctl,0.0655879193477555,0.10148669488514935,0.035898775537393846,,22,12,16,13,PIM1_HDAC2,1.0,0.8135898036486287,1.0,0.7174212246956764,0.7174212246956764,0.8827527570860763,12
PIM1,HDAC2,PIM1_2,HDAC2_2,insig,posctl,0.07069254867964629,0.08404144696694212,0.013348898287295824,,22,28,16,30,PIM1_HDAC2,1.0,0.683188052949286,1.0,0.5515728838767691,0.5515728838767691,0.8086902342065139,16
PIM1,HDAC2,PIM1_2,HDAC2_3,insig,posctl,0.11291517525542492,0.09674678142782324,-0.016168393827601685,,22,22,16,18,PIM1_HDAC2,1.0,0.7867067043218716,1.0,0.6724107594272859,0.6724107594272859,0.8647793659372893,16
PIM1,HDAC2,PIM1_3,HDAC2_1,insig,posctl,0.041954028763094064,0.06533110866750837,0.023377079904414302,,14,12,19,13,PIM1_HDAC2,1.0,0.8135898036486287,1.0,0.7174212246956764,0.7174212246956764,0.8827527570860763,12
PIM1,HDAC2,PIM1_3,HDAC2_2,insig,posctl,0.061792991700233973,0.07726813604410829,0.015475144343874314,,14,28,19,30,PIM1_HDAC2,1.0,0.683188052949286,1.0,0.5515728838767691,0.5515728838767691,0.8086902342065139,14
PIM1,HDAC2,PIM1_3,HDAC2_3,insig,posctl,0.040168012052118944,0.058398499668517255,0.01823048761639831,,14,22,19,18,PIM1_HDAC2,1.0,0.7867067043218716,1.0,0.6724107594272859,0.6724107594272859,0.8647793659372893,14
YWHAG,YWHAE,YWHAG_1,YWHAE_1,insig,posctl,0.06744500629575041,0.10586627274152907,0.03842126644577866,,16,17,16,25,YWHAG_YWHAE,0.7495215991102426,1.0,0.8297704498235625,1.0,0.7495215991102426,0.8948230122334513,16
YWHAG,YWHAE,YWHAG_1,YWHAE_2,insig,posctl,0.06773150711386176,0.053754175795005625,-0.013977331318856138,,16,26,16,18,YWHAG_YWHAE,0.7495215991102426,0.6910088905350027,0.8297704498235625,0.6334347500607016,0.6334347500607016,0.7259339223823773,16
YWHAG,YWHAE,YWHAG_1,YWHAE_3,insig,posctl,0.05718973248182805,0.06600105188150614,0.008811319399678087,,16,27,16,28,YWHAG_YWHAE,0.7495215991102426,1.0,0.8297704498235625,1.0,0.7495215991102426,0.8948230122334513,16
YWHAG,YWHAE,YWHAG_2,YWHAE_1,insig,posctl,0.02453283544835519,0.10257772856594512,0.07804489311758993,,17,17,18,25,YWHAG_YWHAE,0.6824535168556893,1.0,0.7606709506320426,1.0,0.6824535168556893,0.860781116871933,17
YWHAG,YWHAE,YWHAG_2,YWHAE_2,insig,posctl,0.056002654185442535,0.0872145803283078,0.031211926142865262,,17,26,18,18,YWHAG_YWHAE,0.6824535168556893,0.6910088905350027,0.7606709506320426,0.6334347500607016,0.6334347500607016,0.6918920270208591,17
YWHAG,YWHAE,YWHAG_2,YWHAE_3,insig,posctl,0.07112202090583168,0.09071518481344384,0.019593163907612163,,17,27,18,28,YWHAG_YWHAE,0.6824535168556893,1.0,0.7606709506320426,1.0,0.6824535168556893,0.860781116871933,17
YWHAG,YWHAE,YWHAG_3,YWHAE_1,insig,posctl,0.04982392897319383,0.09109118417042934,0.041267255197235515,,17,17,17,25,YWHAG_YWHAE,0.6275725155119662,1.0,0.6292626304854565,1.0,0.6275725155119662,0.8142087864993557,17
YWHAG,YWHAE,YWHAG_3,YWHAE_2,insig,posctl,0.06289209056284807,0.07645214493220105,0.01356005436935298,,17,26,17,18,YWHAG_YWHAE,0.6275725155119662,0.6910088905350027,0.6292626304854565,0.6334347500607016,0.6275725155119662,0.6453196966482817,17
YWHAG,YWHAE,YWHAG_3,YWHAE_3,insig,posctl,0.03357070988949954,0.11614066300141757,0.08256995311191803,,17,27,17,28,YWHAG_YWHAE,0.6275725155119662,1.0,0.6292626304854565,1.0,0.6275725155119662,0.8142087864993557,17
